{"type":"FeatureCollection","features":[{"type":"Feature","properties":{"id":1,"name":"Northland"},"geometry":{"type":"Polygon","coordinates":[[[173.1296337501863,-34.213881782483256],[173.06993305063048,-34.197271298687404],[173.01750951702408,-34.193511631834056],[172.95244441688718,-34.199244765370544],[172.89628795049586,-34.21587168234519],[172.8202448162785,-34.21674878258012],[172.75848693390347,-34.23091126602126],[172.69664001662517,-34.220384698629594],[172.64638543336105,-34.22176728218769],[172.56413346699802,-34.243867798536414],[172.50364868359986,-34.282820448893425],[172.41680333411966,-34.37848003178206],[172.39354505003286,-34.45121114851441],[172.4038619340386,-34.53297309891974],[172.448380267182,-34.60189564912987],[172.5812321673958,-34.697272149138456],[172.61935136681723,-34.74284123240188],[172.67285859994277,-34.77891451526975],[172.704138233311,-34.817145982546904],[172.74075998404723,-34.845708115156725],[172.8843875337153,-35.01257693246716],[172.89102199980172,-35.02240324913506],[172.85052021639825,-35.06541778224397],[172.82824555065645,-35.10466334874213],[172.8103259499192,-35.16692396515442],[172.8148578166523,-35.23105381588653],[172.84133173377137,-35.291941549296425],[172.93408228305685,-35.38528296585496],[172.95277584996097,-35.41785543200162],[173.03224078335157,-35.51269466545583],[173.10734325004162,-35.583177965488204],[173.16687819945756,-35.67138534874973],[173.20808908324855,-35.711696915431176],[173.23944325038354,-35.757691082003845],[173.28950584978003,-35.7986302659504],[173.34680725011324,-35.87182796532209],[173.461412083024,-35.98033996545307],[173.7193536164409,-36.271621765134064],[173.7747976670595,-36.351177148446446],[173.78867398400027,-36.42321109890303],[173.81547443370945,-36.47828339855009],[173.85272373308348,-36.52387959884428],[173.8966306337361,-36.55850619928968],[174.19307028409108,-36.40157043207644],[174.23912439977906,-36.29626078225208],[174.29368485058038,-36.3018108320546],[174.31184029982714,-36.31764141569457],[174.34242023344638,-36.31982404893946],[174.37180541673774,-36.29902294925672],[174.3989883500859,-36.29256021512187],[174.45388204983377,-36.253259631822374],[174.46747988318475,-36.26024218191182],[174.4783781674032,-36.22944774915197],[174.52300216712166,-36.21007511552421],[174.52229970061614,-36.197224448974055],[174.53457296652826,-36.18351093233308],[174.56282878328153,-36.17908858237681],[174.57114673404192,-36.1661527325232],[174.58089661730156,-36.16639433243603],[174.5833050333615,-36.145350732452684],[174.60680153377194,-36.13278324922178],[174.60591051711495,-36.121623582322016],[174.78255760050178,-36.00707766570501],[174.82978688377065,-35.966045865388395],[174.88067843311435,-35.892988632414735],[174.9073156673651,-35.81894874925282],[174.9113834171064,-35.713283365720855],[174.88573451653167,-35.70216578216059],[174.94746238387927,-35.63841733256965],[174.98626305017115,-35.533793631784555],[174.9933275672913,-35.47690664854326],[174.98103980004834,-35.400815432069656],[174.95692041739144,-35.35190439869197],[174.92629271649523,-35.3168672659285],[174.88598750029522,-35.28497253257022],[174.8373030839406,-35.26112673241461],[174.78006128319703,-35.24672371557554],[174.72620226686212,-35.243855915730464],[174.6733942497938,-35.25054381532875],[174.6216961336065,-35.267293348540115],[174.58573621725958,-35.21041053202361],[174.583790733174,-35.14145443219305],[174.57233961652489,-35.099418932138704],[174.55440409993187,-35.066123632036486],[174.51769706736806,-35.02518689893625],[174.47189691750583,-34.99418794873503],[174.41616741663591,-34.97256339929931],[174.23207158358798,-34.95627624865314],[174.2133068173009,-34.94485208226193],[174.19532338323845,-34.89835174893763],[174.15861471713106,-34.8496761988306],[174.08640205002294,-34.7994022985991],[173.9799081505922,-34.76889948242523],[173.87561680081285,-34.772063898797704],[173.7987638669116,-34.752625916024655],[173.6950400659328,-34.74242726594935],[173.55942878394703,-34.62477669862875],[173.51123910020542,-34.596567948884115],[173.43364771682567,-34.575332315609174],[173.24586553343957,-34.56668614856201],[173.24955821698552,-34.53233976593385],[173.27957330000797,-34.48832886572952],[173.29363160042234,-34.44961358261915],[173.29786219999298,-34.40924614897107],[173.29040243329692,-34.362189565617214],[173.2684345670004,-34.31573526580284],[173.23843128387162,-34.27994538216524],[173.19700050016604,-34.24865394912],[173.1296337501863,-34.213881782483256]]]}},{"type":"Feature","properties":{"id":2,"name":"Auckland"},"geometry":{"type":"Polygon","coordinates":[[[175.1538660172242,-35.70157998214095],[175.00737020043303,-35.70203221525857],[174.93201686672094,-35.724722165270876],[174.9113834171064,-35.713283365720855],[174.91208969976694,-35.78813359858819],[174.89830349979238,-35.851154115570985],[174.87273903332047,-35.90710483232889],[174.82978688377065,-35.966045865388395],[174.78255760050178,-36.00707766570501],[174.60591051711495,-36.121623582322016],[174.60680153377194,-36.13278324922178],[174.5833050333615,-36.145350732452684],[174.58089661730156,-36.16639433243603],[174.57114673404192,-36.1661527325232],[174.56282878328153,-36.17908858237681],[174.53457296652826,-36.18351093233308],[174.52229970061614,-36.197224448974055],[174.52300216712166,-36.21007511552421],[174.4783781674032,-36.22944774915197],[174.46807846646865,-36.259839815676],[174.45388204983377,-36.253259631822374],[174.3989883500859,-36.29256021512187],[174.37180541673774,-36.29902294925672],[174.34242023344638,-36.31982404893946],[174.31184029982714,-36.31764141569457],[174.29368485058038,-36.3018108320546],[174.23912439977906,-36.29626078225208],[174.19307028409108,-36.40157043207644],[173.8966306337361,-36.55850619928968],[173.96755565082503,-36.610547232555994],[173.9939112335531,-36.63899028230798],[174.05933705017463,-36.71019191522313],[174.14073916662252,-36.82214698251937],[174.1702391504304,-36.867181448443816],[174.25251526645349,-37.131852115922264],[174.28774691672564,-37.17685023184602],[174.33924963398943,-37.21421594849012],[174.42559588398032,-37.363453581836396],[174.6592311000429,-37.29262109897502],[174.6582035665271,-37.2819820490182],[174.69988093311872,-37.26157801573057],[174.7225276660114,-37.258133749081075],[174.73888245043162,-37.26793871579359],[174.80631886681095,-37.22683563232885],[174.84811761643076,-37.23419913249602],[174.8503581670898,-37.25116888249469],[174.886790067491,-37.23063281592454],[174.93076393389967,-37.23310906517386],[174.93645045025772,-37.21464966513601],[174.92994368366016,-37.20623306589209],[174.9479864335674,-37.19574403188282],[174.97322098346868,-37.194764531718796],[174.99025808368057,-37.21658549871213],[175.01419303377384,-37.19692354906705],[175.02963000049994,-37.196162882475456],[175.02915778351797,-37.18884744888934],[175.03731616684647,-37.192059015419424],[175.05447148323574,-37.180792431795744],[175.06609258326048,-37.18188431575091],[175.07380698379478,-37.19474949861014],[175.08692961713763,-37.192319665127094],[175.08956238340323,-37.17951289910293],[175.13073681653015,-37.186374515796],[175.14190933382395,-37.17576101538764],[175.1339407673828,-37.168207465763395],[175.143926534118,-37.16765519892117],[175.14524533337138,-37.14459073204796],[175.1538966836013,-37.136112782219406],[175.15420251688147,-37.121020499043745],[175.14081790053453,-37.09873151532997],[175.15045938342166,-37.0702958490232],[175.1475936505998,-37.05488228236068],[175.15560773373363,-37.047042898853014],[175.15209103343756,-37.02155834901825],[175.1607844334833,-37.015914698478355],[175.1847624665582,-37.04076488182463],[175.20667948317202,-37.03734624927427],[175.20770560024542,-37.030062232244326],[175.38864521714896,-37.02189733195681],[175.37932141640496,-36.962630648554445],[175.31100728323804,-36.83838443196351],[175.26663753349342,-36.703843649231715],[175.16308438383382,-36.523933515348055],[175.2510187831589,-36.399723998924124],[175.4169207506565,-36.37988916526208],[175.62811641680983,-36.38503319843927],[175.90330008390137,-36.258284882217566],[175.84303236694964,-36.2366226490475],[175.77896080042834,-36.22798059862141],[175.7549630332959,-36.18567684857855],[175.7633519664368,-36.10971033202289],[175.74218491707396,-36.03979151555793],[175.70403783373928,-35.99100971515138],[175.6388355495992,-35.94758881528991],[175.60592980025854,-35.90427526540809],[175.5708142667161,-35.873473165875325],[175.48486508413308,-35.83377341600007],[175.3788628167584,-35.82523923232074],[175.32311343340646,-35.770650982537425],[175.21666443358532,-35.716245682227765],[175.1538660172242,-35.70157998214095]]]}},{"type":"Feature","properties":{"id":3,"name":"Waikato"},"geometry":{"type":"Polygon","coordinates":[[[176.02181110024438,-36.37127286587333],[175.98133188354885,-36.314075448451675],[175.90330008390137,-36.258284882217566],[175.62811641680983,-36.38503319843927],[175.4169207506565,-36.37988916526208],[175.2510187831589,-36.399723998924124],[175.16308438383382,-36.523933515348055],[175.26663753349342,-36.703843649231715],[175.31100728323804,-36.83838443196351],[175.37932141640496,-36.962630648554445],[175.38864521714896,-37.02189733195681],[175.20770560024542,-37.030062232244326],[175.20667948317202,-37.03734624927427],[175.1847624665582,-37.04076488182463],[175.1607844334833,-37.015914698478355],[175.15209103343756,-37.02155834901825],[175.15560773373363,-37.047042898853014],[175.1475936505998,-37.05488228236068],[175.15045938342166,-37.0702958490232],[175.14081790053453,-37.09873151532997],[175.15420251688147,-37.121020499043745],[175.1538966836013,-37.136112782219406],[175.14524533337138,-37.14459073204796],[175.143926534118,-37.16765519892117],[175.1339407673828,-37.168207465763395],[175.14190933382395,-37.17576101538764],[175.13073681653015,-37.186374515796],[175.08956238340323,-37.17951289910293],[175.08692961713763,-37.192319665127094],[175.07380698379478,-37.19474949861014],[175.06609258326048,-37.18188431575091],[175.05447148323574,-37.180792431795744],[175.03731616684647,-37.192059015419424],[175.02915778351797,-37.18884744888934],[175.02963000049994,-37.196162882475456],[175.01419303377384,-37.19692354906705],[174.99025808368057,-37.21658549871213],[174.97322098346868,-37.194764531718796],[174.9479864335674,-37.19574403188282],[174.92994368366016,-37.20623306589209],[174.93645045025772,-37.21464966513601],[174.93076393389967,-37.23310906517386],[174.886790067491,-37.23063281592454],[174.8503581670898,-37.25116888249469],[174.84811761643076,-37.23419913249602],[174.80631886681095,-37.22683563232885],[174.73888245043162,-37.26793871579359],[174.7225276660114,-37.258133749081075],[174.69988093311872,-37.26157801573057],[174.6582035665271,-37.2819820490182],[174.6592311000429,-37.29262109897502],[174.42559588398032,-37.363453581836396],[174.44739010084263,-37.409955415686554],[174.45571536687964,-37.47066068258776],[174.47194293303235,-37.51455339876338],[174.47099413395665,-37.55296439895506],[174.48154320053098,-37.59634484913969],[174.50240585065526,-37.63474209844388],[174.5356861004818,-37.67155274927951],[174.56193815010263,-37.72802699906388],[174.53183109985804,-37.773343548890374],[174.44807075027705,-37.794872315427675],[174.37323538312836,-37.84286253229476],[174.33312471668097,-37.89483378179325],[174.31459259982785,-37.95515214858098],[174.3163896337766,-38.00063964871605],[174.3320382667799,-38.04663778179473],[174.36880705035236,-38.09647168206234],[174.42661578356234,-38.13845383240677],[174.4517186831019,-38.20962474844084],[174.45144648397917,-38.247237832042124],[174.40618419990946,-38.29590886593453],[174.3812642169346,-38.3531488651677],[174.37522706727162,-38.58235203235017],[174.3514094172906,-38.70174768179222],[174.6152483507319,-38.7059867159867],[174.61691833341504,-38.72286819851989],[174.64721744990936,-38.72098161536273],[174.6539841836288,-38.73317773193625],[174.68745773385717,-38.72784433190006],[174.6933910338825,-38.73368766591438],[174.73763621720295,-38.73410014889892],[174.7535244166808,-38.744837182214404],[174.7941622172557,-38.73099939904829],[174.82420268336176,-38.74799549891408],[174.82822348309128,-38.76102386587813],[174.86289636739212,-38.774584065745906],[174.8676918837736,-38.76499358176805],[174.89602176753678,-38.75470551511565],[174.9275289504358,-38.75631763239322],[174.9378450336081,-38.75015856573778],[174.9348076334535,-38.73055523176189],[174.9541329005473,-38.71512494848414],[174.95328210081973,-38.701359415300644],[174.96433898347024,-38.69681906562631],[174.95672575046873,-38.664710415587216],[175.00047273326422,-38.66625979876691],[175.0510802508323,-38.64935734918138],[175.06997016663567,-38.63767448200691],[175.06945354916454,-38.63006669924239],[175.0930960006987,-38.63800929891073],[175.11644888382713,-38.62191304891756],[175.13889501646065,-38.63160428236529],[175.17327505074647,-38.62736528230817],[175.19523954999363,-38.62944706543912],[175.20770148375985,-38.63902314911984],[175.22242116708645,-38.63649859903449],[175.24849258355624,-38.6153733658818],[175.26532238392141,-38.61371506596278],[175.28512801734615,-38.58799328177182],[175.30189768403238,-38.599187182086034],[175.3029934998459,-38.571465548835725],[175.32470456673437,-38.55138626542123],[175.3346752340549,-38.559316199276296],[175.33553223385215,-38.58151894846118],[175.37779475082124,-38.572660449141296],[175.38346621752015,-38.54177113184256],[175.40810568340981,-38.53380654908664],[175.41625309975925,-38.52664574913368],[175.41610256753358,-38.51319071559864],[175.45963789993027,-38.48434603246452],[175.5420790999496,-38.48057696528534],[175.53824498382775,-38.47032719917711],[175.56548914985152,-38.494531298626065],[175.61218516718927,-38.487611615263],[175.625371300673,-38.54515409850436],[175.63693630031545,-38.552464165126416],[175.63252325064246,-38.59162458170644],[175.6003418664225,-38.634124665341936],[175.57592901740475,-38.64985193227449],[175.57957898400852,-38.6818063987365],[175.51835014984158,-38.753286215262236],[175.54165290039361,-38.79511026524527],[175.55546964990387,-38.790240098850695],[175.577187516772,-38.82317076556979],[175.54471948398867,-38.864436098902395],[175.5799698335376,-38.910684248750385],[175.55388358344842,-38.95571588182495],[175.56077126671084,-38.97268534853879],[175.56753126696358,-38.96869466580364],[175.5694168503916,-38.970142948567016],[175.56263365025717,-38.98682969894562],[175.62688620001998,-38.97400598215452],[175.68201241729776,-38.97971049841999],[175.64805250036156,-39.014413381859114],[175.6357694832149,-39.045315048936686],[175.61355901656202,-39.05064204885446],[175.624583233113,-39.05986913213512],[175.618746233692,-39.08259509853729],[175.64781555071903,-39.100078249244966],[175.63465636732553,-39.15836288234671],[175.55785421646794,-39.27599834857769],[175.66921176656925,-39.29693414851474],[175.70480563417428,-39.288319148637434],[175.74111353359976,-39.297482248611274],[175.75184606729908,-39.28787669845445],[175.8125688005116,-39.30032621558519],[175.84256005059962,-39.2707194992309],[175.86809101712132,-39.263034531710694],[175.8546739498726,-39.24439859844971],[175.8926657673248,-39.22364479855337],[175.88597071644895,-39.20589518259394],[175.96436554994835,-39.179803015916555],[175.96403378404338,-39.15952844843052],[175.97342701703525,-39.15480386514143],[175.9887987005478,-39.11592699918755],[176.00397673348573,-39.11293926590889],[176.00465571719974,-39.102215998693644],[176.0230661170784,-39.082883065229815],[176.03137468358028,-39.078210932537175],[176.03245895076142,-39.09951288235066],[176.0879766334053,-39.12967319888404],[176.09560713417383,-39.10692724925387],[176.11366369993826,-39.09113834853591],[176.17275390050904,-39.078485865765344],[176.17845108353941,-39.06631526548529],[176.14462320012865,-39.051015332339134],[176.14565238410694,-39.03997891596225],[176.25756295086669,-38.94787596565822],[176.2523001842028,-38.91951216569473],[176.24264848389453,-38.917242315822875],[176.24571611667406,-38.89662586524954],[176.25838093413918,-38.889990882277964],[176.25511376692296,-38.808178182420576],[176.45098049984605,-38.56165723193381],[176.4752061838212,-38.544378498421565],[176.4747900166215,-38.51594008248331],[176.50532476712206,-38.4022137984953],[176.4687649509186,-38.35895521583312],[176.4469759009189,-38.3565168656444],[176.44992481729778,-38.33052479889741],[176.4403388673831,-38.31338281555384],[176.40779328407322,-38.32612609885103],[176.39055839998164,-38.32301048228511],[176.28107353383038,-38.218906032179135],[176.26481071709503,-38.21475541510814],[176.23556296656812,-38.23767028258814],[176.22170423376957,-38.2379500818591],[176.2241130166159,-38.227328899152724],[176.209274283808,-38.21942733186835],[176.20431528349624,-38.20534569915847],[176.1945416834323,-38.20837163196348],[176.19048186718499,-38.19586734904435],[176.15033483416792,-38.21818639863962],[176.11010853310387,-38.166862999138836],[176.09003956729882,-38.166961349197145],[176.07622086673499,-38.10158416588814],[176.06346718415475,-38.09529701546437],[176.06853655002027,-38.086122265793705],[176.07650253375485,-38.08919811510955],[176.07560371746513,-38.049564398781705],[176.05503308417224,-38.03990836597479],[176.06225173403115,-38.02682293199526],[176.01318010067902,-37.99347463224843],[175.9714801830297,-37.98640803177326],[175.97110398402137,-37.970154731812926],[175.94942648394152,-37.95674376539343],[175.94140090006408,-37.92782128246912],[175.9771878332767,-37.91367303191026],[175.95423776677688,-37.90190863203575],[175.9718337832102,-37.882847415760835],[175.96093161712244,-37.889397182058616],[175.94780428389447,-37.87880971566697],[175.93625078362624,-37.8813630986094],[175.93990766736184,-37.86801336551117],[175.92785026707935,-37.85207719915517],[175.9350057166068,-37.84263698242441],[175.90587381653606,-37.82855166516815],[175.92771494930443,-37.77600343188272],[175.8952126669015,-37.72422231524701],[175.8968307507111,-37.711808032321855],[175.87949523314427,-37.69931153236388],[175.8652448997423,-37.66811106538022],[175.85206001756234,-37.66204741533995],[175.8407995506134,-37.64193448170184],[175.8335867170203,-37.62748711553851],[175.8414792003859,-37.61330878200638],[175.81171768381088,-37.564267548683496],[175.83103756716065,-37.536839882551064],[175.82325078307764,-37.51584849908907],[175.8060231508497,-37.51070144885451],[175.8179517671975,-37.492669665997035],[175.8135262668427,-37.4849100484094],[175.83277586754713,-37.47160198227958],[175.86561543360548,-37.500362498588004],[175.89928606756652,-37.495683065963775],[175.88055998396663,-37.46950016528235],[175.8720363666799,-37.473477865209375],[175.86085873397576,-37.46109983205023],[175.87750300040878,-37.45106726513869],[175.87755321611058,-37.44319204860933],[175.89084250000494,-37.44368624898139],[175.91349221692244,-37.425586715893864],[175.90393356756783,-37.40567899913283],[175.92454204992387,-37.40441856536618],[175.91679621591126,-37.39859609880999],[175.926047083209,-37.38334553248093],[175.9166015335952,-37.37930898178709],[175.94039130043194,-37.373373715440565],[176.12930728347712,-37.160582382279564],[176.34867648411972,-36.89363461561074],[176.3316867666965,-36.85514518220843],[176.29560041755894,-36.810544165888906],[176.22673751657584,-36.75738109857276],[176.16628223368258,-36.73116489909323],[176.18957738348556,-36.67783654846752],[176.1974495500084,-36.627940398819405],[176.19176916726366,-36.58285496594648],[176.17304936721706,-36.52677406590556],[176.1290687170514,-36.46102398176769],[176.08442393336685,-36.42651126517683],[176.03286200018073,-36.40275934852469],[176.02181110024438,-36.37127286587333]]]}},{"type":"Feature","properties":{"id":4,"name":"Bay of Plenty"},"geometry":{"type":"Polygon","coordinates":[[[176.58697926736488,-37.38615169900187],[176.5146295837281,-37.35308489908084],[176.52948120031317,-37.295654215777205],[176.5298601837006,-37.25202218220136],[176.51854740024947,-37.20964048260703],[176.4966660338039,-37.17092458174631],[176.4584498171809,-37.130727732269555],[176.41143661714509,-37.09852903239972],[176.3133527839334,-37.066815015230915],[176.35186978361517,-36.98843141536058],[176.3557369505858,-36.93623126538454],[176.34867648411972,-36.89363461561074],[176.12930728347712,-37.160582382279564],[175.94039130043194,-37.373373715440565],[175.9166015335952,-37.37930898178709],[175.926047083209,-37.38334553248093],[175.91679621591126,-37.39859609880999],[175.92454204992387,-37.40441856536618],[175.90393356756783,-37.40567899913283],[175.91349221692244,-37.425586715893864],[175.89084250000494,-37.44368624898139],[175.87755321611058,-37.44319204860933],[175.87750300040878,-37.45106726513869],[175.86085873397576,-37.46109983205023],[175.8720363666799,-37.473477865209375],[175.88055998396663,-37.46950016528235],[175.89928606756652,-37.495683065963775],[175.86561543360548,-37.500362498588004],[175.83277586754713,-37.47160198227958],[175.8135262668427,-37.4849100484094],[175.8173484664977,-37.49467209880708],[175.80592081708957,-37.508014465617194],[175.82352308326995,-37.5161477155775],[175.83083538319815,-37.53563793208846],[175.8113464669331,-37.56081618214679],[175.8414792003859,-37.61330878200638],[175.8335867170203,-37.62748711553851],[175.87949523314427,-37.69931153236388],[175.8968307507111,-37.711808032321855],[175.8952126669015,-37.72422231524701],[175.92771494930443,-37.77600343188272],[175.90587381653606,-37.82855166516815],[175.9350057166068,-37.84263698242441],[175.92785026707935,-37.85207719915517],[175.93990766736184,-37.86801336551117],[175.93625078362624,-37.8813630986094],[175.94780428389447,-37.87880971566697],[175.96093161712244,-37.889397182058616],[175.9718337832102,-37.882847415760835],[175.95423776677688,-37.90190863203575],[175.9771878332767,-37.91367303191026],[175.94140090006408,-37.92782128246912],[175.94942648394152,-37.95674376539343],[175.97110398402137,-37.970154731812926],[175.9714801830297,-37.98640803177326],[176.01318010067902,-37.99347463224843],[176.06225173403115,-38.02682293199526],[176.05503308417224,-38.03990836597479],[176.07560371746513,-38.049564398781705],[176.07650253375485,-38.08919811510955],[176.06853655002027,-38.086122265793705],[176.06346718415475,-38.09529701546437],[176.07622086673499,-38.10158416588814],[176.09003956729882,-38.166961349197145],[176.11010853310387,-38.166862999138836],[176.15033483416792,-38.21818639863962],[176.19048186718499,-38.19586734904435],[176.1945416834323,-38.20837163196348],[176.20431528349624,-38.20534569915847],[176.209274283808,-38.21942733186835],[176.2241130166159,-38.227328899152724],[176.22170423376957,-38.2379500818591],[176.23556296656812,-38.23767028258814],[176.26481071709503,-38.21475541510814],[176.28107353383038,-38.218906032179135],[176.39055839998164,-38.32301048228511],[176.40779328407322,-38.32612609885103],[176.4403388673831,-38.31338281555384],[176.44992481729778,-38.33052479889741],[176.4469759009189,-38.3565168656444],[176.4687649509186,-38.35895521583312],[176.50532476712206,-38.4022137984953],[176.4747900166215,-38.51594008248331],[176.4752061838212,-38.544378498421565],[176.45098049984605,-38.56165723193381],[176.25511376692296,-38.808178182420576],[176.25838093413918,-38.889990882277964],[176.31137370065005,-38.90270721542276],[176.3142016836124,-38.92282613190461],[176.3342110174481,-38.95443428210563],[176.3581734665106,-38.958412215898456],[176.38157218385655,-38.98847001581176],[176.43679470084385,-39.005085265500256],[176.44803680023279,-39.00409134885869],[176.45530170026967,-38.98905351549937],[176.4348062668786,-38.968853848531786],[176.46810523362404,-38.9414036486585],[176.44169190007605,-38.920324548667914],[176.46078690080222,-38.9112530320043],[176.4661884008323,-38.89278048182182],[176.49532510049676,-38.88141056544511],[176.49694745076164,-38.85793433242296],[176.50934793353562,-38.85301326591048],[176.50853926663223,-38.81293958248653],[176.51990686665314,-38.797144248618835],[176.56057599992437,-38.800197949290435],[176.5897384505268,-38.83534249848113],[176.60770093315188,-38.82295079896455],[176.65165646712117,-38.82203811544349],[176.6590196000849,-38.835195949189355],[176.67599735005385,-38.839971165736515],[176.67836581661714,-38.85557128193427],[176.69665545028434,-38.85642683181962],[176.7040655667316,-38.82708184904281],[176.69203250083766,-38.806250848923554],[176.70792510080574,-38.78904853182857],[176.71407713344902,-38.72787706523878],[176.72710043325915,-38.72180416512294],[176.74288290054793,-38.727759265481275],[176.74421860036668,-38.71193229890333],[176.7592312669254,-38.70885056529191],[176.77327415000522,-38.684496165295556],[176.7993905669718,-38.68052524914161],[176.82250956682475,-38.69136231523097],[176.84560891757422,-38.67252454904235],[176.86135293411598,-38.68005569919469],[176.88683716705012,-38.66650271573001],[176.8994847008643,-38.682586965083985],[176.92920075031907,-38.698170549268205],[176.96185651704263,-38.69683383191625],[176.9715654169082,-38.70470686591771],[177.01700156705246,-38.667170865707845],[177.02695526657507,-38.63951454848747],[177.04597950030495,-38.62080223214707],[177.06075853344072,-38.62209904928829],[177.0779081998716,-38.610643948822975],[177.09973735065662,-38.62744438224748],[177.12006390039136,-38.58527274887116],[177.1381860336834,-38.57680161521137],[177.1507864331897,-38.58427606541772],[177.16699688339654,-38.57781298197566],[177.1662522335014,-38.56781814867696],[177.20254545055298,-38.52431696524981],[177.22582553336886,-38.53410488235282],[177.24089168403944,-38.51020904906922],[177.25451440062005,-38.51315944901113],[177.2369223175909,-38.426341798792194],[177.46368790070196,-38.33353626572622],[177.48629865093184,-38.296267615493086],[177.48427993422104,-38.2744523157192],[177.4975501173587,-38.26076798173055],[177.48989458434409,-38.2611140156128],[177.49109426764016,-38.2500409988655],[177.4817513339619,-38.23991919864753],[177.4918273002171,-38.23973021561363],[177.50096716712756,-38.21344729885204],[177.53333061717024,-38.21836016515527],[177.53366231665575,-38.20930233242387],[177.5603739170319,-38.20937888174486],[177.55646373384405,-38.204702732392455],[177.57323493354457,-38.19266416586434],[177.6047885671252,-38.186620765679606],[177.60240350046539,-38.17118781535137],[177.65359065014766,-38.158584715643904],[177.65088433420885,-38.14159366537588],[177.6644085496413,-38.116164232080955],[177.70251961700703,-38.10590423205276],[177.68958444960788,-38.097173581832536],[177.6854459830481,-38.083226248729396],[177.6771848670156,-38.086248499201325],[177.6976268677033,-38.06069331558801],[177.67426525008403,-38.02603459922278],[177.6811438335836,-38.01239339925236],[177.7243566502278,-38.02264973178631],[177.73998423340288,-38.04204696599582],[177.84901983404532,-38.11127789841286],[177.86096745112553,-38.11165616559027],[177.9722916336758,-37.84500546542657],[178.0730069502125,-37.76358969860808],[178.0387065175515,-37.73311603213484],[177.9946298837194,-37.764300932078385],[177.99223961714807,-37.752892315719954],[177.978185467377,-37.74431009901547],[177.978614767031,-37.73080544842078],[177.99330471773354,-37.71658803189132],[177.98659943399988,-37.697217465159966],[177.9981925840691,-37.68958979905255],[177.99237090077358,-37.690535415366405],[177.98963491749686,-37.644922998404255],[177.9751425668447,-37.63022123197679],[177.97826718388188,-37.61676914858284],[177.9866833508229,-37.608757132505055],[178.0398125508989,-37.597544465194915],[178.1075549004474,-37.59871596522728],[178.08528405051646,-37.54239116546526],[178.06487275074772,-37.33807621514029],[177.97884055013344,-37.33306443214736],[177.9169661171069,-37.33960779879473],[177.86396043439095,-37.35592159923991],[177.8192984169572,-37.37978699901421],[177.75838618338173,-37.44003073210689],[177.70229351677432,-37.47595896599154],[177.62953365057518,-37.49108988198335],[177.56474685020197,-37.52342441579036],[177.46264186718292,-37.61898294901012],[177.42727146664217,-37.67403804907159],[177.3762433677537,-37.72373569882049],[177.3487496342272,-37.765990098698886],[177.31143861709788,-37.789344765645495],[177.2474725009748,-37.78999203239384],[177.22372126702732,-37.78381043219066],[177.1903728670962,-37.73661589893328],[177.28466510056094,-37.720522598437476],[177.35988060030635,-37.68112373254753],[177.42499943377481,-37.609441932024886],[177.44770880080907,-37.532022148661056],[177.44033428408156,-37.46693859916774],[177.40774413317237,-37.40615464920389],[177.3641277505967,-37.36547913179815],[177.279918184211,-37.31338198226333],[177.19339688367108,-37.28148836584949],[177.10105208338854,-37.27718898207754],[177.00582353373775,-37.30313103217342],[176.93239521688696,-37.352637332559766],[176.88594576670368,-37.424062748598736],[176.87615148375573,-37.49253543232698],[176.89626638329256,-37.559493682057386],[176.9502444505042,-37.622570449027215],[176.88408951753127,-37.614851665493376],[176.80861943408112,-37.62305391579743],[176.79079588282437,-37.57823811557412],[176.7196538507642,-37.47855709908746],[176.67666116734705,-37.44625108197151],[176.63275565065726,-37.42564294856768],[176.58697926736488,-37.38615169900187]]]}},{"type":"Feature","properties":{"id":5,"name":"Gisborne"},"geometry":{"type":"Polygon","coordinates":[[[178.23341518440014,-37.33333356528452],[178.06487275074772,-37.33807621514029],[178.08528405051646,-37.54239116546526],[178.1075549004474,-37.59871596522728],[178.0398125508989,-37.597544465194915],[177.98005191692434,-37.6131667824866],[177.9751425668447,-37.63022123197679],[177.98963491749686,-37.644922998404255],[177.99237090077358,-37.690535415366405],[177.99819065091972,-37.68970936525064],[177.98659943399988,-37.697217465159966],[177.99330471773354,-37.71658803189132],[177.97678466756028,-37.741012582308535],[177.99223961714807,-37.752892315719954],[177.9946298837194,-37.764300932078385],[178.0387065175515,-37.73311603213484],[178.0730069502125,-37.76358969860808],[177.9722916336758,-37.84500546542657],[177.86096745112553,-38.11165616559027],[177.84901983404532,-38.11127789841286],[177.73998423340288,-38.04204696599582],[177.7243566502278,-38.02264973178631],[177.6811438335836,-38.01239339925236],[177.67426525008403,-38.02603459922278],[177.6976268677033,-38.06069331558801],[177.6771848670156,-38.086248499201325],[177.6854459830481,-38.083226248729396],[177.68958444960788,-38.097173581832536],[177.70263690080992,-38.1056793825715],[177.6641214339305,-38.11644206596111],[177.65088433420885,-38.14159366537588],[177.65359065014766,-38.158584715643904],[177.60240350046539,-38.17118781535137],[177.6047885671252,-38.186620765679606],[177.57323493354457,-38.19266416586434],[177.55646373384405,-38.204702732392455],[177.5603739170319,-38.20937888174486],[177.53366231665575,-38.20930233242387],[177.53210630006626,-38.21851226555006],[177.50096716712756,-38.21344729885204],[177.4918273002171,-38.23973021561363],[177.4817513339619,-38.23991919864753],[177.49109426764016,-38.2500409988655],[177.48989458434409,-38.2611140156128],[177.4975501173587,-38.26076798173055],[177.48427993422104,-38.2744523157192],[177.48629865093184,-38.296267615493086],[177.46368790070196,-38.33353626572622],[177.2369223175909,-38.426341798792194],[177.25487008334477,-38.512745331782206],[177.24089168403944,-38.51020904906922],[177.22582553336886,-38.53410488235282],[177.20254545055298,-38.52431696524981],[177.1662522335014,-38.56781814867696],[177.1667991499873,-38.57793459861762],[177.12217080089334,-38.583920932573086],[177.30756064993864,-38.659704199088715],[177.3089890675453,-38.596900582383896],[177.35342516754625,-38.62455786556759],[177.39242865061695,-38.62205894838763],[177.44781805065028,-38.63589216545825],[177.45149974985532,-38.63990369883439],[177.43103044993748,-38.66921139879642],[177.41874271731248,-38.67388088228842],[177.40875118341273,-38.69937504865738],[177.4293048001161,-38.69217958240652],[177.43966605008416,-38.70409558204387],[177.46623191721073,-38.7056116990816],[177.47588053332402,-38.7317569991194],[177.4675310668507,-38.74428104858119],[177.46989171730857,-38.75544106563736],[177.48352656705435,-38.75505636522754],[177.4942120841337,-38.77797428219615],[177.5144341835561,-38.774448415418775],[177.53127396710414,-38.791548999237946],[177.53893521677554,-38.812635615647956],[177.5306461001146,-38.819707631726736],[177.56096310035917,-38.801608699047975],[177.59313481714386,-38.80313739916779],[177.5904584171387,-38.82844531561416],[177.59978118364862,-38.8518981658476],[177.62607479941687,-38.84337571531699],[177.63691926772884,-38.87108669920575],[177.6393975341678,-38.86121039851921],[177.64790808390137,-38.86278059917378],[177.66238171734793,-38.84582174879444],[177.66016393357012,-38.904700915786435],[177.67399310019323,-38.89903841528042],[177.71064435071983,-38.90648718193256],[177.7217448502179,-38.89827528229448],[177.72937216735593,-38.90338306556725],[177.72890145001136,-38.9188038319163],[177.74923453317456,-38.89667363237507],[177.77612315027,-38.912812365306905],[177.7921291501106,-38.90215936551597],[177.7886237337324,-38.897882915957155],[177.79831026749756,-38.89438776518616],[177.80417400005976,-38.895977331818024],[177.80473878416632,-38.91181778191118],[177.82194228347478,-38.92168639928032],[177.83048098373342,-38.91161311530213],[177.84452763395984,-38.92150343205856],[177.8347969172683,-38.95277941531067],[177.86090390089512,-38.965164248750646],[178.22683835046752,-39.0016277654066],[178.16626348403156,-38.94631446541219],[178.1736611171557,-38.89465284860141],[178.35497203425382,-38.78667139907164],[178.41180953424944,-38.72789913232137],[178.46235253377486,-38.69859508213443],[178.50403640120902,-38.658247082029376],[178.54353243421343,-38.5916823319513],[178.55478005130732,-38.53567564879723],[178.5972415839563,-38.46645736568238],[178.60372986773675,-38.39437426568511],[178.63022576777269,-38.32177866507836],[178.6306753338732,-38.27210804847987],[178.6163055676388,-38.224525098980614],[178.62061656790732,-38.145620665559264],[178.6340677838499,-38.076409782218775],[178.62984540131748,-38.03029041527863],[178.6544069341859,-37.9613558321712],[178.68046573487263,-37.927441582301405],[178.70411778366275,-37.877731982398764],[178.78777926772176,-37.80430971574644],[178.81603503439257,-37.764206215278406],[178.83179455105622,-37.72290221548865],[178.83604988423892,-37.6751033155148],[178.8210335677815,-37.61677106520747],[178.78770420062352,-37.567090832416326],[178.74687225026076,-37.53218874862491],[178.60404773403897,-37.46146016574066],[178.52381050092495,-37.438552715410886],[178.48382693455207,-37.404482781907056],[178.42187451714707,-37.37358806559972],[178.23341518440014,-37.33333356528452]]]}},{"type":"Feature","properties":{"id":6,"name":"Hawke's Bay"},"geometry":{"type":"Polygon","coordinates":[[[177.30756064993864,-38.659704199088715],[177.12023415008088,-38.58513313228093],[177.10706934989608,-38.60254753223685],[177.09973735065662,-38.62744438224748],[177.07708215071796,-38.61060661556653],[177.03587746640088,-38.62836873255425],[177.01700156705246,-38.667170865707845],[176.9715654169082,-38.70470686591771],[176.96185651704263,-38.69683383191625],[176.92920075031907,-38.698170549268205],[176.8994847008643,-38.682586965083985],[176.88683716705012,-38.66650271573001],[176.86135293411598,-38.68005569919469],[176.84560891757422,-38.67252454904235],[176.82250956682475,-38.69136231523097],[176.7993905669718,-38.68052524914161],[176.77327415000522,-38.684496165295556],[176.7592312669254,-38.70885056529191],[176.74421860036668,-38.71193229890333],[176.74288290054793,-38.727759265481275],[176.72710043325915,-38.72180416512294],[176.71407713344902,-38.72787706523878],[176.70792510080574,-38.78904853182857],[176.69203250083766,-38.806250848923554],[176.7040655667316,-38.82708184904281],[176.69665545028434,-38.85642683181962],[176.67836581661714,-38.85557128193427],[176.67599735005385,-38.839971165736515],[176.6590196000849,-38.835195949189355],[176.65165646712117,-38.82203811544349],[176.60770093315188,-38.82295079896455],[176.5897384505268,-38.83534249848113],[176.56057599992437,-38.800197949290435],[176.51990686665314,-38.797144248618835],[176.50853926663223,-38.81293958248653],[176.50934793353562,-38.85301326591048],[176.49694745076164,-38.85793433242296],[176.49532510049676,-38.88141056544511],[176.4661884008323,-38.89278048182182],[176.46078690080222,-38.9112530320043],[176.44169190007605,-38.920324548667914],[176.46810523362404,-38.9414036486585],[176.4348062668786,-38.968853848531786],[176.45530170026967,-38.98905351549937],[176.44803680023279,-39.00409134885869],[176.38157218385655,-38.98847001581176],[176.3581734665106,-38.958412215898456],[176.3342110174481,-38.95443428210563],[176.3142016836124,-38.92282613190461],[176.31021491684868,-38.901977715687266],[176.25059233326792,-38.89172618170811],[176.2428612499516,-38.92025434899276],[176.2523001842028,-38.91951216569473],[176.25756295086669,-38.94787596565822],[176.14486240002535,-39.04123528212353],[176.14575015025417,-39.05191823253295],[176.17647633314309,-39.06363401547306],[176.17275390050904,-39.078485865765344],[176.11366369993826,-39.09113834853591],[176.09560713417383,-39.10692724925387],[176.09640703245543,-39.11957091524369],[176.0846143001698,-39.13076574897737],[176.08348996646467,-39.150048065389186],[176.10287560070745,-39.1766742321253],[176.0868377503288,-39.18037064848509],[176.08281121698496,-39.186759415440164],[176.0903697668032,-39.199971732351074],[176.0749853671761,-39.21089459864792],[176.07765985021595,-39.21674009865052],[176.09399866682082,-39.210940399131275],[176.1154894333714,-39.21878426510188],[176.08072121686152,-39.25995404899884],[176.0936238004471,-39.278026881875455],[176.08684443360795,-39.289090865826246],[176.1004060495502,-39.29477086556612],[176.10242785054072,-39.315190798875754],[176.12180146686396,-39.32707913175614],[176.11501636731498,-39.3392032651564],[176.0658250007089,-39.36629709884283],[176.05202960035808,-39.36565841586185],[176.0429473668988,-39.38103671535243],[176.06906396646175,-39.3922875657614],[176.08463564979326,-39.38347419848434],[176.11123835035747,-39.38443878172694],[176.12048360085242,-39.4009418489532],[176.12144626702494,-39.4344388658276],[176.144023866749,-39.44849284921108],[176.1369469658571,-39.475936582089126],[176.16642746732387,-39.500582365639055],[176.1938527333857,-39.50453841593391],[176.18227978396087,-39.54260571522572],[176.15191394997794,-39.56023571520135],[176.15497273317752,-39.569456132517004],[176.14250138383636,-39.57989468177746],[176.15274323413294,-39.598279781735016],[176.1789922172587,-39.605251615729244],[176.18125181693026,-39.61693284927336],[176.16509286645962,-39.6486541152987],[176.1959379338104,-39.663570965716154],[176.2008709506043,-39.67299013213925],[176.18423239985836,-39.683780065271485],[176.1805465173003,-39.711064232044194],[176.1690859834574,-39.717915415802516],[176.1768525997329,-39.744049098641504],[176.1379526173757,-39.82387938245988],[176.1349942673698,-39.85058688196607],[176.1172044668661,-39.88676723181093],[176.12688920085697,-39.891551232089704],[176.1261184504577,-39.90477541553855],[176.10683496670367,-39.91708793174119],[176.115429766489,-39.92940391579523],[176.10973578394265,-39.94185586510872],[176.1244993341712,-39.94775794877263],[176.12111370083235,-39.96244708231113],[176.09383140062604,-39.99550258236514],[176.12549723360365,-40.01360238218795],[176.136627349752,-40.02857813205806],[176.15427360000413,-40.01222691542272],[176.21354466743384,-40.01781713202166],[176.21787300048607,-40.02881704898098],[176.23878316709443,-40.027332982564964],[176.23865518409255,-40.03839071534953],[176.26224058317084,-40.04509811531879],[176.26376028404655,-40.06271331547161],[176.29724093386162,-40.06805148175882],[176.32088188356212,-40.08562668256995],[176.31044100028018,-40.121110365808285],[176.32960428380062,-40.12250696521104],[176.34320248326887,-40.14552169879575],[176.37874693361138,-40.15814203229559],[176.35869516705463,-40.19788193241958],[176.36172335072374,-40.21533454883901],[176.37016856699265,-40.21440126510903],[176.37027025069997,-40.23424726577063],[176.38031111760816,-40.237421865891356],[176.38630465009095,-40.26570899845356],[176.37809160013387,-40.27247574848543],[176.3992164500419,-40.28487849896173],[176.38891128306045,-40.32298863209552],[176.40584611757924,-40.33303249912703],[176.37064418379006,-40.358621282177936],[176.3918843331537,-40.36170108215345],[176.3870941832828,-40.37384241540599],[176.40704158404714,-40.378643382229974],[176.4177845001081,-40.392317932575274],[176.43675910012064,-40.39172228176997],[176.4339050999935,-40.402937365464155],[176.43972079999708,-40.40651349898892],[176.49155765027743,-40.41192251550762],[176.49285993315513,-40.400128849035305],[176.54995816724062,-40.42117346589223],[176.55875333410623,-40.40720574894005],[176.57856733391088,-40.41461884842097],[176.58733366668378,-40.43129144861904],[176.5897246839904,-40.422553231994435],[176.62256904985048,-40.4280165152617],[176.8920788676465,-40.49313906577535],[176.90390295056736,-40.42208058254392],[176.91793231692535,-40.3995851988773],[176.99184021742013,-40.35196564917451],[177.09200633345066,-40.244082165599885],[177.13507663323077,-40.17517693235622],[177.158990367493,-40.10814601591374],[177.1625302998833,-40.05546628183527],[177.20302784995368,-39.986061215295884],[177.24916104963185,-39.94663249929995],[177.2802998172751,-39.89924739905075],[177.2941986007538,-39.84538294898833],[177.2880400835862,-39.789296315864114],[177.3350328842646,-39.72403968185522],[177.3530787508696,-39.678975799222975],[177.35456826708267,-39.61429056574996],[177.29547111687302,-39.30959316510263],[177.43111095110012,-39.266198449255334],[177.58997960097963,-39.25457479848122],[177.61653481765424,-39.36766483243463],[177.66887433303617,-39.43858809877216],[177.75558871747577,-39.48805211535581],[177.8632176841216,-39.508375281807595],[177.9571912339314,-39.49685161540739],[178.09428923439975,-39.436056798746066],[178.1546743174422,-39.39076639877099],[178.1934730006897,-39.33159706531729],[178.20444906722494,-39.28834038221],[178.20221741708866,-39.24067519858604],[178.2448966337464,-39.18079631550223],[178.2621190672479,-39.124478632288394],[178.25713853417875,-39.06429934891442],[178.22683835046752,-39.0016277654066],[177.86090390089512,-38.965164248750646],[177.8347969172683,-38.95277941531067],[177.84452763395984,-38.92150343205856],[177.83048098373342,-38.91161311530213],[177.82194228347478,-38.92168639928032],[177.80473878416632,-38.91181778191118],[177.79902500085956,-38.894390299260934],[177.77612315027,-38.912812365306905],[177.74923453317456,-38.89667363237507],[177.72890145001136,-38.9188038319163],[177.72937216735593,-38.90338306556725],[177.7217448502179,-38.89827528229448],[177.71064435071983,-38.90648718193256],[177.67399310019323,-38.89903841528042],[177.66016393357012,-38.904700915786435],[177.66238171734793,-38.84582174879444],[177.64790808390137,-38.86278059917378],[177.6393975341678,-38.86121039851921],[177.63691926772884,-38.87108669920575],[177.62607479941687,-38.84337571531699],[177.59978118364862,-38.8518981658476],[177.5904584171387,-38.82844531561416],[177.59313481714386,-38.80313739916779],[177.56096310035917,-38.801608699047975],[177.5306461001146,-38.819707631726736],[177.53893521677554,-38.812635615647956],[177.53127396710414,-38.791548999237946],[177.5144341835561,-38.774448415418775],[177.4942120841337,-38.77797428219615],[177.48352656705435,-38.75505636522754],[177.46989171730857,-38.75544106563736],[177.4675310668507,-38.74428104858119],[177.47588053332402,-38.7317569991194],[177.46623191721073,-38.7056116990816],[177.43966605008416,-38.70409558204387],[177.4293048001161,-38.69217958240652],[177.40875118341273,-38.69937504865738],[177.41874271731248,-38.67388088228842],[177.43103044993748,-38.66921139879642],[177.45149974985532,-38.63990369883439],[177.44781805065028,-38.63589216545825],[177.39242865061695,-38.62205894838763],[177.35342516754625,-38.62455786556759],[177.3089890675453,-38.596900582383896],[177.30756064993864,-38.659704199088715]]]}},{"type":"Feature","properties":{"id":7,"name":"Taranaki"},"geometry":{"type":"Polygon","coordinates":[[[174.61657455085228,-38.72090301575497],[174.6145004006817,-38.70592793257894],[174.3514094172906,-38.70174768179222],[174.34890660062277,-38.73195683258829],[174.28301853327898,-38.78221938233547],[174.21198708415142,-38.779919932188555],[174.12391699997414,-38.794800281758874],[174.0002928330838,-38.84487299929065],[173.93920934983194,-38.853318549041695],[173.8737902673303,-38.877296948547794],[173.79089450075094,-38.94024826522763],[173.64722075039055,-39.02176561564249],[173.57715893396073,-39.08155261570311],[173.53844558371893,-39.141714148469724],[173.50541931736268,-39.21598511586029],[173.4934051004154,-39.26732991545622],[173.49320121666835,-39.31873569910916],[173.5298443670615,-39.44753624843122],[173.57055670045,-39.51576883184295],[173.74075710021884,-39.67461744854812],[173.8924559333345,-39.74133651557642],[174.01143869992177,-39.77023314879264],[174.11765215038957,-39.78543653213711],[174.15882518365828,-39.803653948481795],[174.2798709500717,-39.9065342656555],[174.42681823352586,-39.989231748811235],[174.53331894997092,-40.01743608232733],[174.6311340999461,-40.05570429928723],[174.71718348394717,-40.068959015816404],[174.7840818499311,-39.85797744885286],[174.76630009971282,-39.85289638217327],[174.78484860001063,-39.83174549843253],[174.79330876737754,-39.83385376568048],[174.80302155040323,-39.80305258201621],[174.83453475062342,-39.80048963245109],[174.8518607001087,-39.78918484870281],[174.8500427664416,-39.77758258229575],[174.87027245013482,-39.77330214882128],[174.89449260038577,-39.74721784878015],[174.90956425000263,-39.74174036518369],[174.91786325060949,-39.749689515890914],[174.9316015508746,-39.72316869905929],[174.9219977830217,-39.703834615704245],[174.92993026655284,-39.68285983198713],[174.9698216005369,-39.67680314840399],[174.9874030504923,-39.66625183209716],[174.96967900014081,-39.64625699882013],[174.97641285015354,-39.637706615126355],[174.9676146169652,-39.60527771568275],[174.9736604008358,-39.56353254881758],[174.98706193307885,-39.55595491510709],[174.99176466656573,-39.5403214655263],[174.97028390023806,-39.52538061531064],[174.9695055332551,-39.50367684921633],[174.9610266502764,-39.49289488178071],[174.96733113385815,-39.48480133240773],[174.9284958673767,-39.47615031527218],[174.9047120167642,-39.44517581574173],[174.88456388400292,-39.43549123249447],[174.88743498380603,-39.414697265524985],[174.86588435078647,-39.38908663181579],[174.87942920019427,-39.39021048200223],[174.89157834998872,-39.358056231752975],[174.87693995084314,-39.356790615729956],[174.85012276679984,-39.33674681559005],[174.82282406712045,-39.333965998466674],[174.81288424979195,-39.307851315801955],[174.78312520070818,-39.28761881565244],[174.76954096667745,-39.28386838258268],[174.76529058307224,-39.29557941557797],[174.75658488359446,-39.28992961586565],[174.74780298322662,-39.275799015384806],[174.75745306661105,-39.256332132416084],[174.74551656697324,-39.241632682170355],[174.75461405062654,-39.2367101154976],[174.75210110066485,-39.22529491536009],[174.6999926173479,-39.205707115759466],[174.70796389964667,-39.195474999272285],[174.69733681645909,-39.15694828199447],[174.70209040054993,-39.1487943988923],[174.6752208004536,-39.13020039902925],[174.69105590071976,-39.11155501562308],[174.72229350039646,-39.106684965280756],[174.7261831173382,-39.086223365751565],[174.7406611499561,-39.07722513185434],[174.7574656507126,-39.0880060157321],[174.79269281660774,-39.06352711574269],[174.7921864838674,-39.047375698599545],[174.77564326651847,-39.04359003191001],[174.77927436657683,-39.02243441592296],[174.7644154174662,-39.004790949097156],[174.7758349171881,-38.99270359849934],[174.76553036587495,-38.988152765253226],[174.78702250061235,-38.983259165761744],[174.79952168408443,-38.971403765288734],[174.78093199931135,-38.96058719916651],[174.79264831659444,-38.94030319919378],[174.7842587339955,-38.92064739920519],[174.79498711669459,-38.91588124915496],[174.8023957506395,-38.925496748929774],[174.8221405164275,-38.9255696819878],[174.8321327498112,-38.91511161592948],[174.82070140019746,-38.88674029895669],[174.8076250668213,-38.881874465975926],[174.79877138312824,-38.865266799069396],[174.79928099985415,-38.82894238213507],[174.78663521675983,-38.82095988193104],[174.80782196732264,-38.819996182078086],[174.81998143325868,-38.78701411521759],[174.85664071666105,-38.782641098744314],[174.86289636739212,-38.774584065745906],[174.82822348309128,-38.76102386587813],[174.82420268336176,-38.74799549891408],[174.7941622172557,-38.73099939904829],[174.7535244166808,-38.744837182214404],[174.73763621720295,-38.73410014889892],[174.6933910338825,-38.73368766591438],[174.68745773385717,-38.72784433190006],[174.6539841836288,-38.73317773193625],[174.64721744990936,-38.72098161536273],[174.61657455085228,-38.72090301575497]]]}},{"type":"Feature","properties":{"id":8,"name":"Manawat\u016b-Whanganui"},"geometry":{"type":"Polygon","coordinates":[[[175.54045591721822,-38.4721909655403],[175.5420790999496,-38.48057696528534],[175.4845237333749,-38.48403404901738],[175.4809395337981,-38.478880749225304],[175.4391645169226,-38.49263856513701],[175.44307631683094,-38.49886278191413],[175.41586696647624,-38.51349218252212],[175.41514075041144,-38.52811886583027],[175.39545650033094,-38.54310261576926],[175.38346621752015,-38.54177113184256],[175.37779475082124,-38.572660449141296],[175.33553223385215,-38.58151894846118],[175.3346752340549,-38.559316199276296],[175.32470456673437,-38.55138626542123],[175.3029934998459,-38.571465548835725],[175.30189768403238,-38.599187182086034],[175.28512801734615,-38.58799328177182],[175.26532238392141,-38.61371506596278],[175.24849258355624,-38.6153733658818],[175.22242116708645,-38.63649859903449],[175.20770148375985,-38.63902314911984],[175.19523954999363,-38.62944706543912],[175.17327505074647,-38.62736528230817],[175.13889501646065,-38.63160428236529],[175.11644888382713,-38.62191304891756],[175.0930960006987,-38.63800929891073],[175.06945354916454,-38.63006669924239],[175.06997016663567,-38.63767448200691],[175.0510802508323,-38.64935734918138],[175.00047273326422,-38.66625979876691],[174.95617824982165,-38.66510154881201],[174.96433898347024,-38.69681906562631],[174.95328210081973,-38.701359415300644],[174.9541329005473,-38.71512494848414],[174.9348076334535,-38.73055523176189],[174.9378450336081,-38.75015856573778],[174.9275289504358,-38.75631763239322],[174.89602176753678,-38.75470551511565],[174.86722343303165,-38.76529281584473],[174.85884298368217,-38.781969215488374],[174.81998143325868,-38.78701411521759],[174.80782196732264,-38.819996182078086],[174.78663521675983,-38.82095988193104],[174.79928099985415,-38.82894238213507],[174.79877138312824,-38.865266799069396],[174.8076250668213,-38.881874465975926],[174.82070140019746,-38.88674029895669],[174.8321327498112,-38.91511161592948],[174.8221405164275,-38.9255696819878],[174.8023957506395,-38.925496748929774],[174.79498711669459,-38.91588124915496],[174.7842587339955,-38.92064739920519],[174.79264831659444,-38.94030319919378],[174.78093199931135,-38.96058719916651],[174.79952168408443,-38.971403765288734],[174.78702250061235,-38.983259165761744],[174.76553036587495,-38.988152765253226],[174.7758349171881,-38.99270359849934],[174.7644154174662,-39.004790949097156],[174.77927436657683,-39.02243441592296],[174.77564326651847,-39.04359003191001],[174.7921864838674,-39.047375698599545],[174.79269281660774,-39.06352711574269],[174.7574656507126,-39.0880060157321],[174.74155669972328,-39.07671848253592],[174.7261831173382,-39.086223365751565],[174.72229350039646,-39.106684965280756],[174.69105590071976,-39.11155501562308],[174.67516954998035,-39.129829948437745],[174.70209040054993,-39.1487943988923],[174.69733681645909,-39.15694828199447],[174.70796389964667,-39.195474999272285],[174.6999926173479,-39.205707115759466],[174.75210110066485,-39.22529491536009],[174.75461405062654,-39.2367101154976],[174.74551656697324,-39.241632682170355],[174.75745306661105,-39.256332132416084],[174.74780298322662,-39.275799015384806],[174.75658488359446,-39.28992961586565],[174.76529058307224,-39.29557941557797],[174.76954096667745,-39.28386838258268],[174.78312520070818,-39.28761881565244],[174.81288424979195,-39.307851315801955],[174.82282406712045,-39.333965998466674],[174.85012276679984,-39.33674681559005],[174.87693995084314,-39.356790615729956],[174.89157834998872,-39.358056231752975],[174.87942920019427,-39.39021048200223],[174.86588435078647,-39.38908663181579],[174.88743498380603,-39.414697265524985],[174.88456388400292,-39.43549123249447],[174.9047120167642,-39.44517581574173],[174.9284958673767,-39.47615031527218],[174.96733113385815,-39.48480133240773],[174.9610266502764,-39.49289488178071],[174.9695055332551,-39.50367684921633],[174.97028390023806,-39.52538061531064],[174.99176466656573,-39.5403214655263],[174.98706193307885,-39.55595491510709],[174.9736604008358,-39.56353254881758],[174.9676146169652,-39.60527771568275],[174.97641285015354,-39.637706615126355],[174.96967900014081,-39.64625699882013],[174.9874030504923,-39.66625183209716],[174.9698216005369,-39.67680314840399],[174.92993026655284,-39.68285983198713],[174.9219977830217,-39.703834615704245],[174.9316015508746,-39.72316869905929],[174.91786325060949,-39.749689515890914],[174.90956425000263,-39.74174036518369],[174.89449260038577,-39.74721784878015],[174.87027245013482,-39.77330214882128],[174.8500427664416,-39.77758258229575],[174.8518607001087,-39.78918484870281],[174.83453475062342,-39.80048963245109],[174.80302155040323,-39.80305258201621],[174.79330876737754,-39.83385376568048],[174.78484860001063,-39.83174549843253],[174.76630009971282,-39.85289638217327],[174.7840818499311,-39.85797744885286],[174.71718348394717,-40.068959015816404],[174.77034751649802,-40.06712243203582],[174.8109001324651,-40.10123651558879],[174.86021078373534,-40.12705153239259],[174.93317781733018,-40.203588115357704],[174.94990076686844,-40.23961899872587],[174.96627380026243,-40.36821928207415],[174.9416330664333,-40.50117491555862],[174.89390558397758,-40.622442848609644],[174.8514136337213,-40.628591382562206],[175.1707362999373,-40.71070224924548],[175.16945603352622,-40.71826251534262],[175.18377303314492,-40.71789996561692],[175.2065069837736,-40.73208943234406],[175.19872209921255,-40.74343044842759],[175.18866734979628,-40.74303813175034],[175.19301855061366,-40.75732081536152],[175.21323231710193,-40.76323998218762],[175.23565720066375,-40.75605318245121],[175.26779024972103,-40.768702348792296],[175.32834018316,-40.74415904917391],[175.34684485053603,-40.75205934882001],[175.35576328346758,-40.73011071575827],[175.3714932841474,-40.72681854863661],[175.4341707173662,-40.74644501547268],[175.47344356666335,-40.69339709880702],[175.56053836651466,-40.728763348614194],[175.56078973345103,-40.73486894871502],[175.58736518375432,-40.73420369891878],[175.62769756709397,-40.752800148695236],[175.6279685667665,-40.74269709873074],[175.65322246678954,-40.74248948176808],[175.66153080042406,-40.725387265156456],[175.67595200037692,-40.72942748171595],[175.68233640022586,-40.716134698840285],[175.69373155038312,-40.71629634867874],[175.69065011594282,-40.69656233204999],[175.72010266683213,-40.69660928256824],[175.75230685076957,-40.697265898764186],[175.7541808498592,-40.709296682249246],[175.77010965013434,-40.69888839890937],[175.7811896504672,-40.70764306518971],[175.77404126753095,-40.71902654918954],[175.79074595030337,-40.72559709855109],[175.7664070497976,-40.75503586596611],[175.76473918399094,-40.768090565776255],[175.78859396693764,-40.767986598720725],[175.8109274671669,-40.77958459921556],[175.8269166167457,-40.760920748863136],[175.8422724839734,-40.76905869887943],[175.8497161502775,-40.76141964923833],[175.87163683418794,-40.77790473241616],[175.90985420078636,-40.750931465533064],[175.93497938315699,-40.76681358253552],[175.94343080054182,-40.740651015573995],[175.97547466712615,-40.73832479921119],[175.9740097174025,-40.72288036563779],[175.99539321704864,-40.72502731560526],[176.01248276707582,-40.71700671547833],[176.01718241731365,-40.70563873199359],[176.04369340005047,-40.71643029923253],[176.08197968348097,-40.715707631822305],[176.07909285034745,-40.70743398215619],[176.09384983354437,-40.67513448184294],[176.13306206723965,-40.68461863229327],[176.1525389833012,-40.67693521576023],[176.16245931695613,-40.682199999182814],[176.18389688385906,-40.66467809844877],[176.20046643372862,-40.67252824852445],[176.21125348335477,-40.65921028191523],[176.23748609978273,-40.68019328210574],[176.25772376702747,-40.67476828220554],[176.273818733661,-40.67997691577009],[176.28547121669143,-40.697941515939064],[176.33239533369738,-40.697729732020434],[176.56406006718697,-40.81111038241348],[176.69129556681526,-40.68537328253048],[176.77253594995673,-40.65728499844444],[176.82977218376257,-40.616784598664445],[176.86784746696569,-40.56767658211517],[176.8920788676465,-40.49313906577535],[176.62256904985048,-40.4280165152617],[176.5897246839904,-40.422553231994435],[176.58733366668378,-40.43129144861904],[176.57856733391088,-40.41461884842097],[176.55875333410623,-40.40720574894005],[176.54995816724062,-40.42117346589223],[176.49285993315513,-40.400128849035305],[176.49155765027743,-40.41192251550762],[176.46032928336143,-40.41157419872228],[176.4339050999935,-40.402937365464155],[176.4364280508337,-40.39150674877803],[176.4177845001081,-40.392317932575274],[176.40704158404714,-40.378643382229974],[176.3914656174942,-40.37777259900969],[176.3918843331537,-40.36170108215345],[176.37064418379006,-40.358621282177936],[176.40584611757924,-40.33303249912703],[176.38891128306045,-40.32298863209552],[176.3992164500419,-40.28487849896173],[176.37809160013387,-40.27247574848543],[176.38630465009095,-40.26570899845356],[176.38031111760816,-40.237421865891356],[176.37027025069997,-40.23424726577063],[176.37016856699265,-40.21440126510903],[176.36172335072374,-40.21533454883901],[176.35869516705463,-40.19788193241958],[176.37874693361138,-40.15814203229559],[176.34320248326887,-40.14552169879575],[176.32960428380062,-40.12250696521104],[176.31318598347428,-40.12392486520514],[176.30926661685942,-40.11780844917872],[176.32088188356212,-40.08562668256995],[176.29724093386162,-40.06805148175882],[176.26376028404655,-40.06271331547161],[176.26224058317084,-40.04509811531879],[176.23865518409255,-40.03839071534953],[176.23878316709443,-40.027332982564964],[176.21787300048607,-40.02881704898098],[176.21354466743384,-40.01781713202166],[176.15427360000413,-40.01222691542272],[176.136627349752,-40.02857813205806],[176.12549723360365,-40.01360238218795],[176.09383140062604,-39.99550258236514],[176.12111370083235,-39.96244708231113],[176.1244993341712,-39.94775794877263],[176.10973578394265,-39.94185586510872],[176.115429766489,-39.92940391579523],[176.10683496670367,-39.91708793174119],[176.1261184504577,-39.90477541553855],[176.12688920085697,-39.891551232089704],[176.1172044668661,-39.88676723181093],[176.1349942673698,-39.85058688196607],[176.1379526173757,-39.82387938245988],[176.1768525997329,-39.744049098641504],[176.1690859834574,-39.717915415802516],[176.1805465173003,-39.711064232044194],[176.18423239985836,-39.683780065271485],[176.2008709506043,-39.67299013213925],[176.1959379338104,-39.663570965716154],[176.16509286645962,-39.6486541152987],[176.18125181693026,-39.61693284927336],[176.1789922172587,-39.605251615729244],[176.15274323413294,-39.598279781735016],[176.14250138383636,-39.57989468177746],[176.15497273317752,-39.569456132517004],[176.15191394997794,-39.56023571520135],[176.18227978396087,-39.54260571522572],[176.1940502669281,-39.505073615214314],[176.16642746732387,-39.500582365639055],[176.1369469658571,-39.475936582089126],[176.144023866749,-39.44849284921108],[176.12144626702494,-39.4344388658276],[176.12048360085242,-39.4009418489532],[176.11123835035747,-39.38443878172694],[176.08463564979326,-39.38347419848434],[176.06906396646175,-39.3922875657614],[176.04305695010123,-39.38143951530455],[176.05202960035808,-39.36565841586185],[176.0658250007089,-39.36629709884283],[176.11501636731498,-39.3392032651564],[176.1218246165641,-39.32671098223593],[176.10242785054072,-39.315190798875754],[176.1004060495502,-39.29477086556612],[176.08684443360795,-39.289090865826246],[176.0936238004471,-39.278026881875455],[176.08072121686152,-39.25995404899884],[176.11530186707148,-39.22316444903136],[176.11103263392175,-39.21506248217445],[176.09181140055406,-39.210945782361414],[176.07765985021595,-39.21674009865052],[176.0749853671761,-39.21089459864792],[176.0903697668032,-39.199971732351074],[176.08287251651143,-39.186160098943226],[176.1024025333927,-39.17737098171241],[176.10111336747016,-39.169906048807015],[176.08348996646467,-39.150048065389186],[176.08566911677363,-39.129448615979946],[176.0543575827206,-39.10576071590394],[176.03245895076142,-39.09951288235066],[176.03137468358028,-39.078210932537175],[176.01281710015704,-39.09174731526468],[176.00397673348573,-39.11293926590889],[175.98889458370752,-39.11578086596625],[175.97342701703525,-39.15480386514143],[175.96403378404338,-39.15952844843052],[175.96436554994835,-39.179803015916555],[175.88597071644895,-39.20589518259394],[175.8926657673248,-39.22364479855337],[175.8546739498726,-39.24439859844971],[175.86809101712132,-39.263034531710694],[175.84256005059962,-39.2707194992309],[175.8125688005116,-39.30032621558519],[175.75184606729908,-39.28787669845445],[175.74111353359976,-39.297482248611274],[175.70480563417428,-39.288319148637434],[175.66921176656925,-39.29693414851474],[175.55785421646794,-39.27599834857769],[175.63465636732553,-39.15836288234671],[175.64781555071903,-39.100078249244966],[175.618746233692,-39.08259509853729],[175.624583233113,-39.05986913213512],[175.61355901656202,-39.05064204885446],[175.6357694832149,-39.045315048936686],[175.64805250036156,-39.014413381859114],[175.68201241729776,-38.97971049841999],[175.62688620001998,-38.97400598215452],[175.56263365025717,-38.98682969894562],[175.5694168503916,-38.970142948567016],[175.56077126671084,-38.97268534853879],[175.55405485000492,-38.95665773248039],[175.5799698335376,-38.910684248750385],[175.54471948398867,-38.864436098902395],[175.57759381673287,-38.82545963234349],[175.55546964990387,-38.790240098850695],[175.54165290039361,-38.79511026524527],[175.51845315008435,-38.751106931973595],[175.57957898400852,-38.6818063987365],[175.57592901740475,-38.64985193227449],[175.6003418664225,-38.634124665341936],[175.62862583377435,-38.60055554868154],[175.63693630031545,-38.552464165126416],[175.625371300673,-38.54515409850436],[175.61218516718927,-38.487611615263],[175.56548914985152,-38.494531298626065],[175.54045591721822,-38.4721909655403]]]}},{"type":"Feature","properties":{"id":9,"name":"Wellington"},"geometry":{"type":"Polygon","coordinates":[[[175.173208767009,-40.71963689908423],[175.1707362999373,-40.71070224924548],[175.13606946710016,-40.700202382003624],[174.8514136337213,-40.628591382562206],[174.7747626332482,-40.65541658255793],[174.72094090006107,-40.69219526558173],[174.64737976670153,-40.766533965518896],[174.61739721591383,-40.81176779910833],[174.60413223303723,-40.855725515194585],[174.60347565061227,-40.895861582207864],[174.55916408315605,-41.024187998920404],[174.514785067496,-41.215719931926195],[174.38803818320136,-41.42715008176314],[174.41297103313977,-41.46938283232347],[174.4294170664559,-41.45735456544199],[174.5086759496267,-41.515133015168956],[174.7349744841534,-41.58739373245152],[174.8000578007505,-41.62080591522667],[174.98249890084395,-41.678279998728634],[175.01952894988014,-41.73119049860297],[175.07027616651192,-41.770355265601594],[175.13783378359048,-41.799174065751984],[175.2088933831002,-41.81190533258863],[175.30629048418766,-41.814784432181995],[175.382377450843,-41.805180381696594],[175.54591819990648,-41.75460844841651],[175.62286165029923,-41.71581881554339],[175.67004221735945,-41.682420665850444],[175.75653836692314,-41.64801424885275],[175.84014950060873,-41.583997565791435],[175.89691510018847,-41.557936048641146],[175.98173396739577,-41.53645811569376],[176.0471205834557,-41.4993780820319],[176.0855191830533,-41.460897331944736],[176.1095302505761,-41.419491398760314],[176.2548921332252,-41.316719082011495],[176.29558615026906,-41.27484553245863],[176.31886114994808,-41.23095574924064],[176.36253888369762,-41.09629766561336],[176.37707278309384,-41.074372148778004],[176.4347364004823,-41.030731982334295],[176.4616346670654,-40.99961984906285],[176.4851569335504,-40.958672148696266],[176.5221433005313,-40.856394581802945],[176.53850265035896,-40.830465948854965],[176.56406006718697,-40.81111038241348],[176.33239533369738,-40.697729732020434],[176.28547121669143,-40.697941515939064],[176.273818733661,-40.67997691577009],[176.25772376702747,-40.67476828220554],[176.23748609978273,-40.68019328210574],[176.21125348335477,-40.65921028191523],[176.20046643372862,-40.67252824852445],[176.18389688385906,-40.66467809844877],[176.16245931695613,-40.682199999182814],[176.1525389833012,-40.67693521576023],[176.13306206723965,-40.68461863229327],[176.09384983354437,-40.67513448184294],[176.07909285034745,-40.70743398215619],[176.08197968348097,-40.715707631822305],[176.04369340005047,-40.71643029923253],[176.01718241731365,-40.70563873199359],[176.01248276707582,-40.71700671547833],[175.99539321704864,-40.72502731560526],[175.9740097174025,-40.72288036563779],[175.97547466712615,-40.73832479921119],[175.94343080054182,-40.740651015573995],[175.93497938315699,-40.76681358253552],[175.90985420078636,-40.750931465533064],[175.87163683418794,-40.77790473241616],[175.8497161502775,-40.76141964923833],[175.8422724839734,-40.76905869887943],[175.8269166167457,-40.760920748863136],[175.8109274671669,-40.77958459921556],[175.78859396693764,-40.767986598720725],[175.76473918399094,-40.768090565776255],[175.7664070497976,-40.75503586596611],[175.79074595030337,-40.72559709855109],[175.77404126753095,-40.71902654918954],[175.78135581679132,-40.70815491573086],[175.77010965013434,-40.69888839890937],[175.75634893318158,-40.708800031725914],[175.7541808498592,-40.709296682249246],[175.75230685076957,-40.697265898764186],[175.69065011594282,-40.69656233204999],[175.69373155038312,-40.71629634867874],[175.68233640022586,-40.716134698840285],[175.67595200037692,-40.72942748171595],[175.66153080042406,-40.725387265156456],[175.65322246678954,-40.74248948176808],[175.6279685667665,-40.74269709873074],[175.62769756709397,-40.752800148695236],[175.58736518375432,-40.73420369891878],[175.56078973345103,-40.73486894871502],[175.56053836651466,-40.728763348614194],[175.47344356666335,-40.69339709880702],[175.4341707173662,-40.74644501547268],[175.3714932841474,-40.72681854863661],[175.35576328346758,-40.73011071575827],[175.34684485053603,-40.75205934882001],[175.32834018316,-40.74415904917391],[175.26873126694727,-40.76871111511517],[175.23565720066375,-40.75605318245121],[175.21323231710193,-40.76323998218762],[175.19301855061366,-40.75732081536152],[175.18866734979628,-40.74303813175034],[175.19872209921255,-40.74343044842759],[175.2065069837736,-40.73208943234406],[175.18377303314492,-40.71789996561692],[175.173208767009,-40.71963689908423]]]}},{"type":"Feature","properties":{"id":10,"name":"Tasman"},"geometry":{"type":"Polygon","coordinates":[[[172.73937293410782,-40.301285465629554],[172.6164528333256,-40.3040932157668],[172.49798160076278,-40.34039111540167],[172.2743463501427,-40.47551541597106],[172.1341838172955,-40.58205406540945],[172.07543216737412,-40.60217493199899],[172.03069633402976,-40.628352231895526],[172.24806520040173,-40.80488686562356],[172.24020930074892,-40.84174079917939],[172.22898081668558,-40.85609003188836],[172.23383038383923,-40.86924094845072],[172.2510493002291,-40.86899286597059],[172.26141556652576,-40.858660749251364],[172.26783141686695,-40.87119713240231],[172.28822663361956,-40.87549884885959],[172.28154153396147,-40.898926748678036],[172.2973809838963,-40.90539093187262],[172.3006963000211,-40.914597099125196],[172.2940288505757,-40.91947936572815],[172.30208863375245,-40.924606448407765],[172.3166185669227,-40.92448469922349],[172.32808983335818,-40.936301248996315],[172.3766038003493,-40.93504639848584],[172.3863348674317,-40.95013419904869],[172.37026001758252,-40.970566098631345],[172.3309576497487,-40.9860866656661],[172.31061950043375,-41.011759315840344],[172.33372341700576,-41.035026199135324],[172.32487843415396,-41.05961739873876],[172.35030431685394,-41.06338663245695],[172.35080935087728,-41.05386689921785],[172.36226241742966,-41.05147171571686],[172.36105523332222,-41.04409879907605],[172.3827110339962,-41.022557448517595],[172.4193673668036,-41.03355158178322],[172.4396636839071,-41.02043958234013],[172.49160871648328,-41.022659082295114],[172.49611118338507,-41.040711698429654],[172.48595158336823,-41.054563448624485],[172.49202263333507,-41.0646673319936],[172.51332786727616,-41.06685819871615],[172.52266228330083,-41.081777648790435],[172.51984201640917,-41.09565221566343],[172.5530416841294,-41.10251868177109],[172.5813737837506,-41.136969048705716],[172.61834530080444,-41.160184932237605],[172.6290023666743,-41.1948845658443],[172.66440263419034,-41.19460524913751],[172.67308590044328,-41.18821751560783],[172.69203043384914,-41.19992646584444],[172.69082576716193,-41.21128456514976],[172.65793758320245,-41.239168998612435],[172.57456269981353,-41.25804524849947],[172.5860839341535,-41.28860278187851],[172.60032440009667,-41.30118341595477],[172.58155396628092,-41.34368759866885],[172.58436156750452,-41.37619449903693],[172.55984713347232,-41.38276221583604],[172.55230233389813,-41.39835634843584],[172.51227431653186,-41.412824165365436],[172.4653999837227,-41.40562353231483],[172.4611777675713,-41.39435639891804],[172.41620206715288,-41.41228138213052],[172.43110563392375,-41.429132748747755],[172.42218681686995,-41.43909181593637],[172.41886141663605,-41.47069439870695],[172.3430353672774,-41.51153748257349],[172.34473131689884,-41.555200882223154],[172.32684131750034,-41.56030718241055],[172.33448708342362,-41.583597565895275],[172.32758099972662,-41.60348504875194],[172.29314416681433,-41.62392183209513],[172.29102350089263,-41.63482559847788],[172.26443205059383,-41.62727639849189],[172.2373610006596,-41.64019859876386],[172.24017171687368,-41.655439231985646],[172.25380953345046,-41.6679636824132],[172.2470789674841,-41.68421771577582],[172.25973465016,-41.69439761548781],[172.2514700171418,-41.702658248857894],[172.2329038002649,-41.691547515166064],[172.21303575072352,-41.68910196564505],[172.20911743381993,-41.699929699085025],[172.1880291164888,-41.69250716524618],[172.17447976677204,-41.703036065235075],[172.1553243334196,-41.69969338216219],[172.15037658353967,-41.71081454878988],[172.12909241697824,-41.7140685151432],[172.1190550667101,-41.7254342151607],[172.1157675335553,-41.73202259867539],[172.12460406738046,-41.737975999264954],[172.11789495028953,-41.75616578200444],[172.09728041695163,-41.77430578214217],[172.10512350067697,-41.789316481970076],[172.1162842501491,-41.7891521988413],[172.1157305671449,-41.8684047987334],[172.09382834980332,-41.874377198705886],[172.09289293398598,-41.89194738228803],[172.0653858508796,-41.89437751534073],[172.07736633332286,-41.92049449896734],[172.05204225056875,-41.94549231532422],[172.05316638414905,-41.95887486559427],[172.070221750821,-41.96498066554995],[172.07660983365602,-41.987499715722876],[172.07115668323317,-41.99871908224127],[172.08173801668346,-42.00802594895035],[172.12003556733825,-42.01457183248879],[172.1049443338046,-42.04893311548961],[172.11651063389573,-42.0756348822158],[172.13253318355495,-42.0806344325439],[172.13520366736668,-42.10404398245463],[172.18733433343039,-42.10557084885774],[172.20673074994835,-42.098314782282294],[172.2149616165171,-42.109234449200116],[172.20561261729583,-42.114520632474665],[172.21800444996427,-42.11490999908089],[172.22096383316762,-42.131632165564525],[172.24766796666054,-42.132373149236855],[172.2515008828492,-42.15028096576633],[172.333472566776,-42.149108082067265],[172.3451139669215,-42.17581783255371],[172.33967219993116,-42.197701015188095],[172.34939933400258,-42.222283698773396],[172.333375516466,-42.23866504927223],[172.35444266745722,-42.25613656565845],[172.3564818332331,-42.267391565385395],[172.34789780070872,-42.27669921591642],[172.43092655023165,-42.30557389852609],[172.45362631731425,-42.27479359839778],[172.4790309498186,-42.27702943216265],[172.48638170053252,-42.26594268195931],[172.51519331688243,-42.2640266492232],[172.55937374994974,-42.21995899864925],[172.58884326642698,-42.21540296588877],[172.61610560060333,-42.19428808181584],[172.60969248315917,-42.16584343189361],[172.61968005091407,-42.14797984866696],[172.64086190032313,-42.13289608183641],[172.63165668341932,-42.1218997151717],[172.63617234990002,-42.10199241578233],[172.6784034008726,-42.08785009880024],[172.69096216747207,-42.106551132409244],[172.72147300053143,-42.10349179847878],[172.73529885030786,-42.057895315371184],[172.73300131732876,-42.034509565135544],[172.75714103384306,-42.03600313199339],[172.78331736678328,-42.00892248241385],[172.779036884077,-41.99805934880797],[172.8029862674966,-41.98517834868696],[172.80806343344312,-41.95813456580302],[172.84724883321894,-41.94245584881047],[172.86472915080606,-41.908815782004034],[172.86002813366846,-41.89755066554719],[172.8447203001224,-41.8908900653169],[172.84757055019364,-41.87428746541247],[172.8678211171602,-41.8663833158527],[172.87254151740046,-41.84395876539906],[172.89100430035302,-41.81821214845695],[172.94567976743483,-41.780933265407576],[172.93905671705875,-41.77258108179451],[172.94438939996093,-41.766085581834375],[172.93306076713398,-41.769175315828804],[172.92603806737102,-41.74840819840323],[172.9578889168536,-41.749520249206995],[173.00378965079656,-41.72480326510857],[173.05737515067273,-41.668460631987344],[173.05869973366077,-41.62573736576807],[173.0892630339721,-41.62415446573053],[173.10343183393175,-41.610293798753126],[173.12147901754858,-41.608018432011455],[173.13205933336369,-41.58970868232948],[173.15143126714364,-41.58567419840175],[173.17459625022542,-41.54236796545591],[173.17244435074159,-41.52408661534297],[173.18708791641058,-41.52871363210816],[173.21608496653513,-41.51820471582761],[173.2492710999451,-41.52449244926976],[173.29760915078796,-41.51624603214036],[173.30439503317626,-41.5069968155408],[173.25083138412685,-41.46658011562344],[173.29485091709157,-41.42563703202879],[173.28501211693202,-41.40269741513358],[173.2974439833663,-41.39314151534811],[173.2722144504519,-41.37873391567629],[173.25636651718415,-41.38220126549793],[173.2495790004831,-41.36456199895029],[173.23003528364782,-41.36882281516538],[173.23201961680556,-41.36266728190941],[173.17642243325216,-41.30430796553125],[173.20575345078126,-41.299344399287165],[173.22031776754832,-41.253787565149416],[173.21470685021123,-41.24698138172975],[173.2238182001821,-41.24283308183763],[173.36103108337332,-40.8053751320462],[173.2890016337093,-40.74924389927299],[173.34023409989464,-40.62047226548464],[173.3416658669395,-40.57322749852695],[173.327970000016,-40.5251731991704],[173.29359701713327,-40.47187288228345],[173.24803618350853,-40.43020229852656],[173.16223926723688,-40.37476494910059],[173.09680796682883,-40.34647981550176],[173.00999888323068,-40.3228969824324],[172.92574183375385,-40.31120219867884],[172.73937293410782,-40.301285465629554]]]}},{"type":"Feature","properties":{"id":11,"name":"Nelson"},"geometry":{"type":"Polygon","coordinates":[[[173.36103108337332,-40.8053751320462],[173.2238182001821,-41.24283308183763],[173.21470685021123,-41.24698138172975],[173.22031776754832,-41.253787565149416],[173.20575345078126,-41.299344399287165],[173.17642243325216,-41.30430796553125],[173.23201961680556,-41.36266728190941],[173.23003528364782,-41.36882281516538],[173.2495790004831,-41.36456199895029],[173.25636651718415,-41.38220126549793],[173.2722144504519,-41.37873391567629],[173.2993047664033,-41.39341976513799],[173.33752396729815,-41.38554478248314],[173.3607455507615,-41.35319538171199],[173.40678916666,-41.33095834924278],[173.42076704996558,-41.30843396538079],[173.41550781671145,-41.288782765990895],[173.4710570997511,-41.24288589902183],[173.4761654674248,-41.228943465954295],[173.51579918352863,-41.2138956824341],[173.52233321708786,-41.198285415444175],[173.5744185502129,-41.183718465775286],[173.57909871645802,-41.12406269916221],[173.59867173362866,-41.07081024896201],[173.50067113414053,-40.86287379887901],[173.45623071723605,-40.87931776526561],[173.36103108337332,-40.8053751320462]]]}},{"type":"Feature","properties":{"id":12,"name":"Marlborough"},"geometry":{"type":"Polygon","coordinates":[[[174.514785067496,-41.215719931926195],[174.55916408315605,-41.024187998920404],[174.60347565061227,-40.895861582207864],[174.5425509007405,-40.86426186509366],[174.46950623345757,-40.81301216572051],[174.3729655499474,-40.78551209892676],[174.31459406717707,-40.730486998538254],[174.29789936721428,-40.69199531521383],[174.27151309975585,-40.65674026534079],[174.26095828343938,-40.61230606589584],[174.23791454970333,-40.57111366511047],[174.17239005022645,-40.51020476532549],[174.12694830006382,-40.48593899885308],[174.0706841504075,-40.46827064846924],[173.95762330027284,-40.46330388242903],[173.8740491333008,-40.48517896589931],[173.7136396334951,-40.56597149909435],[173.6359755998919,-40.61650166565787],[173.59499696723083,-40.659011448874914],[173.53097911717245,-40.76352568241835],[173.50067113414053,-40.86287379887901],[173.59702790003288,-41.05808118180721],[173.59647953301314,-41.089606782403855],[173.57909871645802,-41.12406269916221],[173.5744185502129,-41.183718465775286],[173.52233321708786,-41.198285415444175],[173.51579918352863,-41.2138956824341],[173.4761654674248,-41.228943465954295],[173.4710570997511,-41.24288589902183],[173.41550781671145,-41.288782765990895],[173.42076704996558,-41.30843396538079],[173.40678916666,-41.33095834924278],[173.3607455507615,-41.35319538171199],[173.33752396729815,-41.38554478248314],[173.28613408401876,-41.40114328235695],[173.29485091709157,-41.42563703202879],[173.25083138412685,-41.46658011562344],[173.30414935048492,-41.506032081764914],[173.29840651671384,-41.51583754879957],[173.2492710999451,-41.52449244926976],[173.21560048373019,-41.51823184928254],[173.18626769981057,-41.528808715271694],[173.17244435074159,-41.52408661534297],[173.17459625022542,-41.54236796545591],[173.15161466698348,-41.58547098224566],[173.13205933336369,-41.58970868232948],[173.12147901754858,-41.608018432011455],[173.10343183393175,-41.610293798753126],[173.0892630339721,-41.62415446573053],[173.05869973366077,-41.62573736576807],[173.05737515067273,-41.668460631987344],[173.00378965079656,-41.72480326510857],[172.9578889168536,-41.749520249206995],[172.92603806737102,-41.74840819840323],[172.93306076713398,-41.769175315828804],[172.94438939996093,-41.766085581834375],[172.93905671705875,-41.77258108179451],[172.94567976743483,-41.780933265407576],[172.89100430035302,-41.81821214845695],[172.87254151740046,-41.84395876539906],[172.8678211171602,-41.8663833158527],[172.84757055019364,-41.87428746541247],[172.8447203001224,-41.8908900653169],[172.86464553418682,-41.90792424894193],[172.86111155071788,-41.92246518246802],[172.8464551006204,-41.943204882512575],[172.80806343344312,-41.95813456580302],[172.8092993998169,-41.97510691549532],[172.77884408309347,-41.99829061540961],[172.78331736678328,-42.00892248241385],[172.77295476745974,-42.02255041589685],[172.7567887008866,-42.03616584859288],[172.73300131732876,-42.034509565135544],[172.73529885030786,-42.057895315371184],[172.7185883002522,-42.11277811509637],[172.72601053322856,-42.13470753202938],[172.7187643332902,-42.13961064910638],[172.72163858361438,-42.158698182047395],[172.74955148301495,-42.17236653192926],[172.79379360014494,-42.161707631871074],[172.79576715004333,-42.179602215235285],[172.80694781735122,-42.18947469925475],[172.83205498360113,-42.184457415943044],[172.8226812334861,-42.20866494900393],[172.82656375009094,-42.24822913248448],[172.86346378355344,-42.256239915734504],[172.84225288352403,-42.28958853252618],[172.84688208241516,-42.30794408201226],[172.86952351666437,-42.31766916562405],[172.91497483383685,-42.30928466582524],[172.919557032466,-42.34581054859984],[172.94375149985498,-42.35118526558417],[172.9413934502304,-42.37782503257945],[172.97445501760282,-42.3953462989868],[173.00288745060854,-42.393277148693016],[172.9695193997949,-42.44867989885341],[172.99906453408764,-42.4523912321194],[173.01449425037424,-42.44629149898173],[173.03334485007417,-42.458288082243676],[173.03578900075559,-42.48347053193557],[173.05380403352214,-42.48811828220263],[173.06921516641685,-42.480694781771284],[173.0761037672325,-42.460918965329725],[173.09580531733755,-42.46075263212887],[173.10625094965928,-42.44768113249306],[173.15232781687274,-42.44960261571439],[173.16430443412602,-42.41850663214297],[173.1901030340505,-42.41041423179963],[173.2090707173587,-42.383051748402835],[173.22067243338628,-42.38010066577373],[173.22376610053894,-42.35668493203326],[173.2433168008475,-42.35608476525859],[173.22590060066335,-42.34632844857462],[173.18065146728134,-42.34640404895867],[173.183168817534,-42.336901898476505],[173.20488125032276,-42.334029948873116],[173.20721788350008,-42.317024532271134],[173.24452471747978,-42.30310411521988],[173.29587160071998,-42.26575354905954],[173.3020074673102,-42.25630381591656],[173.29645435022624,-42.24803259876905],[173.33332258337364,-42.24664913184211],[173.34154851666793,-42.22790303244626],[173.35113879972525,-42.24271184844168],[173.37319228380403,-42.23680754885938],[173.3681810997027,-42.224636815873694],[173.38385546738883,-42.217145682323384],[173.39754336676236,-42.22114553183811],[173.42218356699578,-42.20904554884929],[173.43696210077624,-42.21418309927],[173.4433755500006,-42.20210503233513],[173.46446335014727,-42.19567369896694],[173.46402576758837,-42.17975418178886],[173.4842517997318,-42.181339015342616],[173.46304501728235,-42.1178106992509],[173.48648166728944,-42.11044893224439],[173.48398945082678,-42.0994115484399],[173.4991074999428,-42.078736682452956],[173.51763731705574,-42.06939318209195],[173.5468016668072,-42.06978988236739],[173.55510856759702,-42.04592368230714],[173.57128988414317,-42.03299841514002],[173.5945042338373,-42.02928954926987],[173.60970591752624,-42.00452683222035],[173.6381497840472,-42.00937193225071],[173.66283218390976,-41.99594689889919],[173.66321856672917,-41.98210288211295],[173.72021016753524,-41.96077121530523],[173.71423611690685,-41.94051158172099],[173.74437995081408,-41.90738326557386],[173.76207636598915,-41.91190514894548],[173.75393890010483,-41.914466748900125],[173.76683166739645,-41.921817165136886],[173.78940861730234,-41.95819836508662],[173.81725366702068,-41.93299698241749],[173.85118281666308,-41.93308511575676],[173.9145082664346,-41.915240931903],[173.9304779833174,-41.92082053185975],[173.9587126174566,-41.90852879858049],[173.96520818364718,-41.92289378244257],[173.97932755029194,-41.925635148889775],[173.97710126648084,-41.93338538235237],[174.00348793370324,-41.932082515892574],[174.01949601730408,-41.93960384844629],[174.04940518304613,-41.92908793189168],[174.063379516939,-41.93474184887566],[174.05754861671375,-41.93929308205221],[174.06019278390295,-41.954412898974226],[174.04764366650366,-41.96823983242783],[174.2641025839832,-42.09921513168281],[174.3850187504392,-41.98864666571935],[174.44767848305992,-41.91418568227944],[174.51473628346926,-41.863770715369775],[174.54361780086955,-41.82550086554807],[174.56191806690296,-41.78409583194362],[174.56742818340211,-41.73152768242637],[174.55167865060176,-41.66697534847617],[174.4954395333315,-41.592160082219586],[174.42016783275818,-41.543434748988396],[174.39500045026486,-41.480385982293114],[174.41297103313977,-41.46938283232347],[174.38803818320136,-41.42715008176314],[174.514785067496,-41.215719931926195]]]}},{"type":"Feature","properties":{"id":13,"name":"West Coast"},"geometry":{"type":"Polygon","coordinates":[[[172.22898081668558,-40.85609003188836],[172.24830100018275,-40.805279982337666],[172.2178046508489,-40.77454276598879],[172.03069633402976,-40.628352231895526],[171.90773161704928,-40.74090149899042],[171.85545955060635,-40.81814753186491],[171.82882870005068,-40.89242243194774],[171.82664880078897,-40.939653232013946],[171.84225191699934,-41.02481679862147],[171.83151181724648,-41.096968248447105],[171.83903853368133,-41.17285713187452],[171.82322140068075,-41.28067626591789],[171.75837850057624,-41.33767741532376],[171.68014056742027,-41.462674915212965],[171.64199006670432,-41.50209648253412],[171.5979539174886,-41.52688676575471],[171.46430558389184,-41.52101238182685],[171.37755426707065,-41.533752698423456],[171.30035261690108,-41.56748953229417],[171.243761650345,-41.61671591536806],[171.1899681672656,-41.71360728205327],[171.18114428353923,-41.757282198873924],[171.18589768366564,-41.81219304923824],[171.1589774672134,-41.8564546825361],[171.14502760001358,-41.914309599097514],[171.11602698377956,-41.95365034862716],[171.06554955062416,-42.06100799860993],[171.04608388344292,-42.1964746819237],[170.97772578385715,-42.281004732205055],[170.93096440007594,-42.382271632101194],[170.9204079171723,-42.423989015370985],[170.8576042167746,-42.50543908251611],[170.73784149973724,-42.594855048501145],[170.64668291724286,-42.70264726510333],[170.60902643325963,-42.73469596576843],[170.46263213341632,-42.816244198406075],[170.30290723392082,-42.8550022821995],[170.25312545012108,-42.87758556525967],[170.20349111652135,-42.911708448614284],[170.14875773394616,-42.92482948185202],[170.09239141667715,-42.94966764891165],[170.04057024968705,-42.98888458251828],[169.97511283412305,-43.06705143243012],[169.85016811741198,-43.150011915295586],[169.80147160049515,-43.19656621521155],[169.70842368346925,-43.219723215609505],[169.61894961673332,-43.26812773174794],[169.57645123394212,-43.300084132187976],[169.51321180053228,-43.37338733241611],[169.48681469994568,-43.392983782376355],[169.2329428831328,-43.46944916546829],[169.0404244331593,-43.55960306515454],[168.92303609981863,-43.64252096523085],[168.8260706329691,-43.66014018242857],[168.75210058397175,-43.683746081847154],[168.6711717834149,-43.71838789882147],[168.62046811661008,-43.75437046556439],[168.54573880072013,-43.76342034880073],[168.4218650836212,-43.80102779861949],[168.2988196999227,-43.80989966553507],[168.2002575997528,-43.844273482440144],[168.13780298330227,-43.88906334883941],[168.03083259954226,-44.010815481906796],[167.83811798286047,-44.12705769872476],[168.0520802995422,-44.25864776564598],[168.15771403359759,-44.282208148812686],[168.19554686633552,-44.27409858217929],[168.22584258340657,-44.25644548172022],[168.2502860172489,-44.25512053180147],[168.2611736835168,-44.262702849151225],[168.28040271622666,-44.26005009840812],[168.3067317006971,-44.2795625654192],[168.34536899955572,-44.28209803207002],[168.3536413666811,-44.30534096529314],[168.34816356688117,-44.32913719896049],[168.36695888347995,-44.340481415328696],[168.3813753495822,-44.33810831513534],[168.3683673323729,-44.354500881705164],[168.41174073353207,-44.363679215358445],[168.4048964507069,-44.377054315553636],[168.3854981832412,-44.378836232409476],[168.38384486722765,-44.38843454862265],[168.35176091725455,-44.40417991518851],[168.3660504502351,-44.424400948883694],[168.3487304995914,-44.45185684853165],[168.35292903317986,-44.46046418218906],[168.3368832500904,-44.47585526530942],[168.33452791733694,-44.49677943205234],[168.46091804964377,-44.495388165623005],[168.52354996618254,-44.46037208247374],[168.55736918365125,-44.451723948498724],[168.5860629826311,-44.453791132264925],[168.5934691336243,-44.44177341560341],[168.62550280006775,-44.433935465692464],[168.64158605016672,-44.41655591597705],[168.68667373379827,-44.39191276593038],[168.6997830165504,-44.4049662318757],[168.74254690056534,-44.42100428177193],[168.7413199504233,-44.405422531845915],[168.75340693304483,-44.39224636570803],[168.77808594969304,-44.387849498638154],[168.83232560075416,-44.350847398550464],[168.84274111633255,-44.28334246560191],[168.85727366625508,-44.26970909914459],[168.84935460050275,-44.24614116544083],[168.87095489961428,-44.23886466550234],[168.87723098406565,-44.22284111565424],[168.90483341634143,-44.21823199876823],[168.91093963295577,-44.20979466529521],[168.95920831733153,-44.205812065203155],[168.9652594673562,-44.173651432466215],[168.98739421654165,-44.168930815975735],[168.9750784500262,-44.144029482090545],[169.01592328333632,-44.13081629889874],[169.01343018403514,-44.11476773178572],[169.03804840080002,-44.11819678216721],[169.07358791668466,-44.10960588171071],[169.08144546639866,-44.09697638230392],[169.14592463412095,-44.07989671593788],[169.1597492832759,-44.10485598226112],[169.25744271743724,-44.10811036575095],[169.27949903372038,-44.09378434872741],[169.2908057170408,-44.06272601524711],[169.3089808499205,-44.06064999886217],[169.32099733333845,-44.064086315398505],[169.33850583307228,-44.10233934842135],[169.38682401720553,-44.11876886573993],[169.42850036689705,-44.09652109847316],[169.4626461668776,-44.05926119901144],[169.50670235033863,-44.05924836556611],[169.541080400608,-44.03331826544561],[169.57868495014026,-44.034294765362645],[169.59198961690976,-44.01016793190184],[169.59190938384123,-43.99101238203339],[169.58258309997424,-43.98045889854035],[169.59278055065286,-43.95807616534204],[169.62325435002074,-43.95699018220622],[169.63291223373935,-43.96384033234685],[169.6693975165145,-43.955425215507894],[169.70228016721973,-43.96393788230619],[169.71996158332004,-43.95990381548975],[169.74527595055764,-43.93166459854719],[169.75829940088963,-43.93367141579896],[169.7708949503799,-43.89931241527528],[169.79309356688728,-43.89261778254202],[169.80900705014736,-43.87469784885826],[169.83790451748519,-43.86663058198778],[169.83793528326197,-43.85423526558162],[169.85821236752722,-43.837122082381725],[169.89434651725335,-43.83372651533097],[169.89997019977673,-43.813024832192184],[169.93328313384063,-43.800481081839145],[169.9435716333917,-43.789099232299044],[169.97268295044455,-43.78731086511348],[169.97052948358177,-43.7729913818346],[169.98469373357005,-43.759385999190904],[169.97876866650435,-43.74707884899063],[170.00616348370434,-43.7408245657932],[170.03054685086803,-43.72306426513657],[170.0228884997601,-43.70609629925524],[170.02845791673133,-43.69080499914747],[170.09514514988334,-43.655612165125056],[170.10121508401394,-43.63869468203943],[170.0929141831413,-43.62536691591272],[170.0931787006841,-43.59956874858209],[170.11549143418904,-43.58889859909184],[170.1398157003095,-43.58944961533235],[170.14662805041007,-43.57381914879678],[170.19848285068605,-43.55318909885078],[170.22883231751047,-43.51903304894393],[170.29922993355967,-43.50173974869246],[170.328739400434,-43.4815843158241],[170.33482218368357,-43.49796176597832],[170.35603928320813,-43.506146198388144],[170.39502716644958,-43.49817011516604],[170.4338124673319,-43.46581126532142],[170.4591985673907,-43.4613141823097],[170.47548693339766,-43.43297531557297],[170.5113279174555,-43.42840824909379],[170.52968171745187,-43.40998129903128],[170.5566686666818,-43.42415203203621],[170.58024293403116,-43.418503032430095],[170.58072776645253,-43.430024198675625],[170.59127776642282,-43.43401751543527],[170.6150566672572,-43.43187088256613],[170.61555370025997,-43.41795539880971],[170.6329302338682,-43.39681718186046],[170.65663495052618,-43.386887148990894],[170.65763325044333,-43.377414632129074],[170.6467199506273,-43.369308515375984],[170.67741275007074,-43.347645149148356],[170.71613958408332,-43.343235265759304],[170.70530584971277,-43.31879579865974],[170.75981740058356,-43.318304665265494],[170.79279870054717,-43.29907158185163],[170.80571123303238,-43.304472748452575],[170.81992470082858,-43.299690365353555],[170.83120546665043,-43.28306226529462],[170.8602626164724,-43.28139999916481],[170.870687683945,-43.2725349817971],[170.86522585026222,-43.26482099882574],[170.87309006692638,-43.24581749841211],[170.90684070044293,-43.22870858251217],[170.92873346681876,-43.20653541567087],[170.94821038349787,-43.20598883230261],[170.94846828327144,-43.227268232480014],[170.99173670086932,-43.21764244892841],[171.020029266442,-43.17452768210867],[171.0472745334803,-43.163610815109],[171.03738435052927,-43.14586506583098],[171.06757651662713,-43.12826929863931],[171.0632836830565,-43.115317581854846],[171.0766005002366,-43.11189483191746],[171.07972619981828,-43.102023698565844],[171.09515281693422,-43.10080129909898],[171.10538885030698,-43.11212744856424],[171.11722355016536,-43.085727115138546],[171.12992610072112,-43.08123399911899],[171.14589681761208,-43.08884831530317],[171.18420551672565,-43.064364182263176],[171.19814829971853,-43.07428801586179],[171.21960263309418,-43.064650948458734],[171.22274378410577,-43.04325186598179],[171.2406965334775,-43.030973381777095],[171.23766901720515,-43.00251148232548],[171.28220629990446,-42.97312213238463],[171.30843901737674,-42.966226865474496],[171.30311586726077,-42.958095949027104],[171.3142448174733,-42.94814914852873],[171.33612733327112,-42.943250681885964],[171.34518555037417,-42.94970738211051],[171.36219600043196,-42.937185498798335],[171.38184926761377,-42.94603981580195],[171.39315540023145,-42.942620798481826],[171.39601403319725,-42.95931186516858],[171.42580345033906,-42.9353693323851],[171.43751670073314,-42.93568764848022],[171.43439675020997,-42.92144764919594],[171.44228358311733,-42.91372096590412],[171.46877166743877,-42.9141535154108],[171.49100984977704,-42.89592589859742],[171.51724511747994,-42.91423041557249],[171.58686041711235,-42.895741531999455],[171.63405761659055,-42.90260204846721],[171.6652322165717,-42.88632201589536],[171.69029348303155,-42.8999417658033],[171.6869220003279,-42.90612529884406],[171.71014255009808,-42.90381736538053],[171.71078453275263,-42.89576566552143],[171.7463697507115,-42.87408069909256],[171.73359485057102,-42.86447333227787],[171.73297528408406,-42.85335398184017],[171.76268068338214,-42.83705078253373],[171.75445984973197,-42.818794432278786],[171.76384876685316,-42.79172241556468],[171.78909138406388,-42.78280788191993],[171.81256091663099,-42.789962265231985],[171.8124741499468,-42.783820081717316],[171.84333251669017,-42.774823765734595],[171.86373478386474,-42.75052301530056],[171.88436236680232,-42.74966033242916],[171.88505700033676,-42.71874636541525],[171.90798925008428,-42.70469743234329],[171.92592375028897,-42.66620284925004],[171.97234030058942,-42.65346823216754],[171.97465898312458,-42.6390377652845],[172.01554961724202,-42.63184066569692],[172.02849340024906,-42.63676304904244],[172.09343496680125,-42.62120419887345],[172.10849523283014,-42.5804659985961],[172.1328994832067,-42.555251082416774],[172.15584435004263,-42.553100782408634],[172.17829218346938,-42.53550653203864],[172.18688479994645,-42.50394861571499],[172.2271323006683,-42.47952331519312],[172.23570523356747,-42.45653194920316],[172.27878693339935,-42.44989878220662],[172.29327920007063,-42.440414999232495],[172.29979373329635,-42.42173918229012],[172.32476896723668,-42.4164484487065],[172.34719365035488,-42.39182351591465],[172.39324876744647,-42.37793843204377],[172.4168471838191,-42.38376034896422],[172.44334740009654,-42.36693283197387],[172.44870693391306,-42.32861474896202],[172.4661457164942,-42.31951339908019],[172.4616986999926,-42.30746544890903],[172.47636713306574,-42.294618099250286],[172.4790309498186,-42.27702943216265],[172.45362631731425,-42.27479359839778],[172.43092655023165,-42.30557389852609],[172.34789780070872,-42.27669921591642],[172.3564818332331,-42.267391565385395],[172.35444266745722,-42.25613656565845],[172.333375516466,-42.23866504927223],[172.34939933400258,-42.222283698773396],[172.33967219993116,-42.197701015188095],[172.3451139669215,-42.17581783255371],[172.333472566776,-42.149108082067265],[172.2515008828492,-42.15028096576633],[172.24766796666054,-42.132373149236855],[172.22096383316762,-42.131632165564525],[172.21800444996427,-42.11490999908089],[172.20561261729583,-42.114520632474665],[172.2149616165171,-42.109234449200116],[172.20673074994835,-42.098314782282294],[172.18733433343039,-42.10557084885774],[172.13520366736668,-42.10404398245463],[172.13253318355495,-42.0806344325439],[172.11651063389573,-42.0756348822158],[172.1049443338046,-42.04893311548961],[172.12003556733825,-42.01457183248879],[172.08098380017404,-42.007665715525015],[172.07104230075933,-41.99850449887092],[172.07660983365602,-41.987499715722876],[172.07002719988296,-41.9645426318799],[172.0506320006569,-41.95190951536649],[172.07736633332286,-41.92049449896734],[172.0653858508796,-41.89437751534073],[172.09289293398598,-41.89194738228803],[172.09382834980332,-41.874377198705886],[172.1157305671449,-41.8684047987334],[172.1162842501491,-41.7891521988413],[172.10512350067697,-41.789316481970076],[172.09728041695163,-41.77430578214217],[172.11789495028953,-41.75616578200444],[172.12460406738046,-41.737975999264954],[172.1157675335553,-41.73202259867539],[172.1190550667101,-41.7254342151607],[172.12909241697824,-41.7140685151432],[172.15037658353967,-41.71081454878988],[172.1553243334196,-41.69969338216219],[172.17447976677204,-41.703036065235075],[172.1880291164888,-41.69250716524618],[172.20911743381993,-41.699929699085025],[172.21303575072352,-41.68910196564505],[172.2329038002649,-41.691547515166064],[172.2514700171418,-41.702658248857894],[172.25973465016,-41.69439761548781],[172.2470789674841,-41.68421771577582],[172.25380953345046,-41.6679636824132],[172.24017171687368,-41.655439231985646],[172.2373610006596,-41.64019859876386],[172.26443205059383,-41.62727639849189],[172.29102350089263,-41.63482559847788],[172.29314416681433,-41.62392183209513],[172.32758099972662,-41.60348504875194],[172.33448708342362,-41.583597565895275],[172.32684131750034,-41.56030718241055],[172.34473131689884,-41.555200882223154],[172.3430353672774,-41.51153748257349],[172.41886141663605,-41.47069439870695],[172.42218681686995,-41.43909181593637],[172.43110563392375,-41.429132748747755],[172.41620206715288,-41.41228138213052],[172.4611777675713,-41.39435639891804],[172.4653999837227,-41.40562353231483],[172.51227431653186,-41.412824165365436],[172.55230233389813,-41.39835634843584],[172.55984713347232,-41.38276221583604],[172.58436156750452,-41.37619449903693],[172.58155396628092,-41.34368759866885],[172.60032440009667,-41.30118341595477],[172.5860839341535,-41.28860278187851],[172.57456269981353,-41.25804524849947],[172.65793758320245,-41.239168998612435],[172.69082576716193,-41.21128456514976],[172.69208233365015,-41.20024926517376],[172.67308590044328,-41.18821751560783],[172.66440263419034,-41.19460524913751],[172.6290023666743,-41.1948845658443],[172.61834530080444,-41.160184932237605],[172.5813737837506,-41.136969048705716],[172.5530416841294,-41.10251868177109],[172.51984201640917,-41.09565221566343],[172.52266228330083,-41.081777648790435],[172.51332786727616,-41.06685819871615],[172.49202263333507,-41.0646673319936],[172.48595158336823,-41.054563448624485],[172.49611118338507,-41.040711698429654],[172.49160871648328,-41.022659082295114],[172.4396636839071,-41.02043958234013],[172.4193673668036,-41.03355158178322],[172.3827110339962,-41.022557448517595],[172.36105523332222,-41.04409879907605],[172.36226241742966,-41.05147171571686],[172.35080935087728,-41.05386689921785],[172.35030431685394,-41.06338663245695],[172.32487843415396,-41.05961739873876],[172.33372341700576,-41.035026199135324],[172.3108192335044,-41.01133599856467],[172.3298073340117,-40.9869458817925],[172.3577004174822,-40.97927718179801],[172.38634679979987,-40.94934358195488],[172.3757746497521,-40.93440413213663],[172.32808983335818,-40.936301248996315],[172.3166185669227,-40.92448469922349],[172.29764965019422,-40.922480882294934],[172.3010288331569,-40.910259815169],[172.28154153396147,-40.898926748678036],[172.28996816698142,-40.877737465921456],[172.26653448308002,-40.87031854856771],[172.26245954972939,-40.858978715517864],[172.2510493002291,-40.86899286597059],[172.23383038383923,-40.86924094845072],[172.22898081668558,-40.85609003188836]]]}},{"type":"Feature","properties":{"id":14,"name":"Canterbury"},"geometry":{"type":"Polygon","coordinates":[[[173.76207636598915,-41.91190514894548],[173.73664478316383,-41.91137936523262],[173.71694395004988,-41.93573908236785],[173.71332285015868,-41.94988431557301],[173.72021016753524,-41.96077121530523],[173.66321856672917,-41.98210288211295],[173.66283218390976,-41.99594689889919],[173.6381497840472,-42.00937193225071],[173.60970591752624,-42.00452683222035],[173.5945042338373,-42.02928954926987],[173.57128988414317,-42.03299841514002],[173.55510856759702,-42.04592368230714],[173.5468016668072,-42.06978988236739],[173.51763731705574,-42.06939318209195],[173.4991074999428,-42.078736682452956],[173.48398945082678,-42.0994115484399],[173.48648166728944,-42.11044893224439],[173.46304501728235,-42.1178106992509],[173.4842517997318,-42.181339015342616],[173.46402576758837,-42.17975418178886],[173.46446335014727,-42.19567369896694],[173.4433755500006,-42.20210503233513],[173.43696210077624,-42.21418309927],[173.42218356699578,-42.20904554884929],[173.39754336676236,-42.22114553183811],[173.38385546738883,-42.217145682323384],[173.3681810997027,-42.224636815873694],[173.37319228380403,-42.23680754885938],[173.35113879972525,-42.24271184844168],[173.34154851666793,-42.22790303244626],[173.33332258337364,-42.24664913184211],[173.29645435022624,-42.24803259876905],[173.3020074673102,-42.25630381591656],[173.29587160071998,-42.26575354905954],[173.24452471747978,-42.30310411521988],[173.20721788350008,-42.317024532271134],[173.20488125032276,-42.334029948873116],[173.183168817534,-42.336901898476505],[173.18065146728134,-42.34640404895867],[173.22590060066335,-42.34632844857462],[173.2433168008475,-42.35608476525859],[173.22376610053894,-42.35668493203326],[173.22067243338628,-42.38010066577373],[173.2090707173587,-42.383051748402835],[173.1901030340505,-42.41041423179963],[173.16430443412602,-42.41850663214297],[173.15232781687274,-42.44960261571439],[173.10625094965928,-42.44768113249306],[173.09580531733755,-42.46075263212887],[173.0761037672325,-42.460918965329725],[173.06921516641685,-42.480694781771284],[173.0542220500179,-42.488084498610235],[173.03578900075559,-42.48347053193557],[173.03334485007417,-42.458288082243676],[173.01449425037424,-42.44629149898173],[172.99906453408764,-42.4523912321194],[172.9695193997949,-42.44867989885341],[173.00288745060854,-42.393277148693016],[172.97445501760282,-42.3953462989868],[172.9413934502304,-42.37782503257945],[172.94375149985498,-42.35118526558417],[172.919557032466,-42.34581054859984],[172.91497483383685,-42.30928466582524],[172.86952351666437,-42.31766916562405],[172.84688208241516,-42.30794408201226],[172.84225288352403,-42.28958853252618],[172.86346378355344,-42.256239915734504],[172.82656375009094,-42.24822913248448],[172.8226812334861,-42.20866494900393],[172.83175309950593,-42.184172865755414],[172.80694781735122,-42.18947469925475],[172.79576715004333,-42.179602215235285],[172.79379360014494,-42.161707631871074],[172.749643750588,-42.172367048536145],[172.72918301724798,-42.16535586526923],[172.71884923375868,-42.14907714854519],[172.72600873380887,-42.13478223259151],[172.72023469987192,-42.10268408206381],[172.69112280000925,-42.10660941535984],[172.6784034008726,-42.08785009880024],[172.63690826726113,-42.10149971581455],[172.63165668341932,-42.1218997151717],[172.64086190032313,-42.13289608183641],[172.61968005091407,-42.14797984866696],[172.60969248315917,-42.16584343189361],[172.61622268389252,-42.19415729890408],[172.58884326642698,-42.21540296588877],[172.55937374994974,-42.21995899864925],[172.51519331688243,-42.2640266492232],[172.4785498174687,-42.27286314864957],[172.47797848356146,-42.29139263211852],[172.4616986999926,-42.30746544890903],[172.4661457164942,-42.31951339908019],[172.44870693391306,-42.32861474896202],[172.4435669502204,-42.366750131966825],[172.4168471838191,-42.38376034896422],[172.39324876744647,-42.37793843204377],[172.34719365035488,-42.39182351591465],[172.32476896723668,-42.4164484487065],[172.29979373329635,-42.42173918229012],[172.29327920007063,-42.440414999232495],[172.27878693339935,-42.44989878220662],[172.23570523356747,-42.45653194920316],[172.2271323006683,-42.47952331519312],[172.18688479994645,-42.50394861571499],[172.17829218346938,-42.53550653203864],[172.15584435004263,-42.553100782408634],[172.1328994832067,-42.555251082416774],[172.10849523283014,-42.5804659985961],[172.09343496680125,-42.62120419887345],[172.02849340024906,-42.63676304904244],[172.01554961724202,-42.63184066569692],[171.97465898312458,-42.6390377652845],[171.97234030058942,-42.65346823216754],[171.92592375028897,-42.66620284925004],[171.90798925008428,-42.70469743234329],[171.88505700033676,-42.71874636541525],[171.88436236680232,-42.74966033242916],[171.86373478386474,-42.75052301530056],[171.84333251669017,-42.774823765734595],[171.8124741499468,-42.783820081717316],[171.81256091663099,-42.789962265231985],[171.78909138406388,-42.78280788191993],[171.76384876685316,-42.79172241556468],[171.75445984973197,-42.818794432278786],[171.76268068338214,-42.83705078253373],[171.73297528408406,-42.85335398184017],[171.73359485057102,-42.86447333227787],[171.7463697507115,-42.87408069909256],[171.71078453275263,-42.89576566552143],[171.71014255009808,-42.90381736538053],[171.6869220003279,-42.90612529884406],[171.69029348303155,-42.8999417658033],[171.6652322165717,-42.88632201589536],[171.63405761659055,-42.90260204846721],[171.58686041711235,-42.895741531999455],[171.51724511747994,-42.91423041557249],[171.49100984977704,-42.89592589859742],[171.46877166743877,-42.9141535154108],[171.44228358311733,-42.91372096590412],[171.43439675020997,-42.92144764919594],[171.43751670073314,-42.93568764848022],[171.42580345033906,-42.9353693323851],[171.39601403319725,-42.95931186516858],[171.39315540023145,-42.942620798481826],[171.38184926761377,-42.94603981580195],[171.36219600043196,-42.937185498798335],[171.34518555037417,-42.94970738211051],[171.33612733327112,-42.943250681885964],[171.3142448174733,-42.94814914852873],[171.30311586726077,-42.958095949027104],[171.30843901737674,-42.966226865474496],[171.28220629990446,-42.97312213238463],[171.23766901720515,-43.00251148232548],[171.2406965334775,-43.030973381777095],[171.22274378410577,-43.04325186598179],[171.21960263309418,-43.064650948458734],[171.19814829971853,-43.07428801586179],[171.18420551672565,-43.064364182263176],[171.14589681761208,-43.08884831530317],[171.12992610072112,-43.08123399911899],[171.11722355016536,-43.085727115138546],[171.10538885030698,-43.11212744856424],[171.09515281693422,-43.10080129909898],[171.07972619981828,-43.102023698565844],[171.0766005002366,-43.11189483191746],[171.0632836830565,-43.115317581854846],[171.06757651662713,-43.12826929863931],[171.03738435052927,-43.14586506583098],[171.0472745334803,-43.163610815109],[171.020029266442,-43.17452768210867],[170.99173670086932,-43.21764244892841],[170.94846828327144,-43.227268232480014],[170.94821038349787,-43.20598883230261],[170.92873346681876,-43.20653541567087],[170.90684070044293,-43.22870858251217],[170.87309006692638,-43.24581749841211],[170.86522585026222,-43.26482099882574],[170.870687683945,-43.2725349817971],[170.8602626164724,-43.28139999916481],[170.83120546665043,-43.28306226529462],[170.81992470082858,-43.299690365353555],[170.80571123303238,-43.304472748452575],[170.79279870054717,-43.29907158185163],[170.75981740058356,-43.318304665265494],[170.70530584971277,-43.31879579865974],[170.71613958408332,-43.343235265759304],[170.67741275007074,-43.347645149148356],[170.6467199506273,-43.369308515375984],[170.65763325044333,-43.377414632129074],[170.65663495052618,-43.386887148990894],[170.6329302338682,-43.39681718186046],[170.61555370025997,-43.41795539880971],[170.6150566672572,-43.43187088256613],[170.59127776642282,-43.43401751543527],[170.58072776645253,-43.430024198675625],[170.58024293403116,-43.418503032430095],[170.5566686666818,-43.42415203203621],[170.52968171745187,-43.40998129903128],[170.5113279174555,-43.42840824909379],[170.47548693339766,-43.43297531557297],[170.4591985673907,-43.4613141823097],[170.4338124673319,-43.46581126532142],[170.39502716644958,-43.49817011516604],[170.35603928320813,-43.506146198388144],[170.33482218368357,-43.49796176597832],[170.3284533166579,-43.481657348814636],[170.29922993355967,-43.50173974869246],[170.22883231751047,-43.51903304894393],[170.19848285068605,-43.55318909885078],[170.14662805041007,-43.57381914879678],[170.1398157003095,-43.58944961533235],[170.0981314172802,-43.595479382386934],[170.09216083372635,-43.60170533196713],[170.10121508401394,-43.63869468203943],[170.09514514988334,-43.655612165125056],[170.02845791673133,-43.69080499914747],[170.0228884997601,-43.70609629925524],[170.03054685086803,-43.72306426513657],[170.00616348370434,-43.7408245657932],[169.97876866650435,-43.74707884899063],[169.98469373357005,-43.759385999190904],[169.9704396339563,-43.77320068219119],[169.97274894972668,-43.78725538180078],[169.9435716333917,-43.789099232299044],[169.93328313384063,-43.800481081839145],[169.89997019977673,-43.813024832192184],[169.89434651725335,-43.83372651533097],[169.85841721755875,-43.836984632344425],[169.83793528326197,-43.85423526558162],[169.83790451748519,-43.86663058198778],[169.80900705014736,-43.87469784885826],[169.79309356688728,-43.89261778254202],[169.7708949503799,-43.89931241527528],[169.75829940088963,-43.93367141579896],[169.74585923348198,-43.93130458247932],[169.71996158332004,-43.95990381548975],[169.6993366341802,-43.963546282198536],[169.6991139666016,-43.97972621547739],[169.7114545667461,-43.99724884927013],[169.70758985019427,-44.017135265252584],[169.71937725032777,-44.03670761585432],[169.6858944504625,-44.04199468239315],[169.6820236002094,-44.06841871530965],[169.6650160164659,-44.06773734910332],[169.65757106723365,-44.07764894891017],[169.66123530039752,-44.09150244862362],[169.63916265024812,-44.10179616573951],[169.63867879992432,-44.119924598603085],[169.62497129975316,-44.12248121509685],[169.62044506674798,-44.13996469927757],[169.5988852172197,-44.15029901585376],[169.60582318349097,-44.15851884874528],[169.57106993387046,-44.17722914917422],[169.56076915046873,-44.20544018247281],[169.5431956341596,-44.20779134846415],[169.54849976649993,-44.227578199164725],[169.57046306740241,-44.23673219853656],[169.58060883314013,-44.252348181752225],[169.56839701744144,-44.31931578174067],[169.57878333413706,-44.34012561554803],[169.55671228381792,-44.38095399906727],[169.56561253383478,-44.40230969919418],[169.54588436748114,-44.42266239880403],[169.55620179981563,-44.437585682331715],[169.54249753385335,-44.44860019926649],[169.57387139980054,-44.46234634870687],[169.64188941693627,-44.466424648606385],[169.64747878334188,-44.48115106539498],[169.6343221175865,-44.5017521485067],[169.65015306617164,-44.520954899223334],[169.64768503409596,-44.531101882404165],[169.663398099541,-44.53722539868763],[169.6406918998839,-44.564783765423435],[169.64099833368354,-44.596005131977066],[169.68177189993054,-44.597888215425435],[169.68528976699147,-44.606092815957695],[169.70850194979573,-44.60097619863145],[169.71860083351174,-44.57351611538814],[169.7305851166043,-44.56507028169967],[169.75715180059748,-44.612132815192076],[169.7548768832774,-44.63891663180255],[169.80563849994184,-44.661335865910786],[169.8361911834222,-44.668899415239665],[169.89126873420042,-44.64427546551977],[169.94421631757052,-44.65398421594598],[169.970183300285,-44.744071032034],[169.9936877002957,-44.78647881554305],[169.99796356666428,-44.82506009913313],[170.03093663321107,-44.87006453243331],[170.06381006731797,-44.883624332536236],[170.0818661003501,-44.912117332480896],[170.06865858402114,-44.92317514851923],[170.08477396670756,-44.92742829922163],[170.09409876727366,-44.940019932567985],[170.11129369981396,-44.94686301596308],[170.13094035085345,-44.94071791523193],[170.16448541660776,-44.9460048491392],[170.2420726674589,-44.930717249128534],[170.25199321649288,-44.918826432397594],[170.2723477834187,-44.92165336529621],[170.2907174668312,-44.914142231795964],[170.3016846170497,-44.91951351511821],[170.31935306749855,-44.90304898194901],[170.3501570164701,-44.90776464840871],[170.34906388424307,-44.943095198509184],[170.3656425508677,-44.94010039899575],[170.37337940090057,-44.952393182388306],[170.36982991712605,-44.97232209848518],[170.34734105010384,-44.98963094891154],[170.34944071673652,-45.02169769895059],[170.38836800026462,-45.07921919895588],[170.43580851682916,-45.071943748603246],[170.46475305024657,-45.045245749280504],[170.48100980042557,-45.04732003225526],[170.5317964505,-44.9928598487001],[170.57515041751114,-44.97785923230877],[170.57943210068044,-44.96549619876359],[170.61461120047224,-44.966670198803556],[170.63687343391538,-44.951301581797594],[170.6275964003174,-44.93363926588812],[170.6482168502156,-44.91235821557703],[170.65893595026336,-44.909183231693774],[170.67246905054,-44.9180481990349],[170.68329759990277,-44.9111500317341],[170.68064923322393,-44.90490443247589],[170.70937703421276,-44.90081826510747],[170.84113306655271,-44.903475148887715],[170.84113730069583,-44.89143323177507],[170.88614913336409,-44.89160679877924],[171.00135535045874,-44.92143253241406],[171.11575331759914,-44.929456132259396],[171.40680098302536,-45.01536756553635],[171.4345195341025,-44.95262461545551],[171.45395990018375,-44.86054623180287],[171.44145079978287,-44.62688528210232],[171.46381165048695,-44.58537586538974],[171.52355916711028,-44.51153353250231],[171.5444776668607,-44.42605361593343],[171.61611454983,-44.37579073204711],[171.79939231746798,-44.282998815576285],[172.138324066618,-44.14084973231424],[172.40123729973945,-44.05732211584254],[172.6228414499114,-44.032101915447164],[172.67256398412505,-44.058254682016305],[172.74397286696046,-44.08100036561585],[172.84161599979163,-44.098364915973605],[172.95463641633583,-44.10234451515391],[173.0189998506283,-44.09511851548545],[173.1220489671257,-44.07003748195439],[173.25693535032957,-44.007087415850656],[173.33962296741242,-43.937581782522784],[173.39200499970212,-43.84233034892298],[173.40702666689103,-43.78361069864318],[173.39854760037994,-43.6966426157022],[173.37187726655839,-43.63568619873125],[173.34147436727372,-43.59111948248438],[173.23934409975104,-43.506553832553195],[173.16217948330015,-43.46844233251455],[172.98889098347655,-43.42472771594314],[172.984363483889,-43.35399613231422],[173.00634763353085,-43.29583909847897],[173.0446854666687,-43.27452011586256],[173.16462541647002,-43.25348758221403],[173.23089441649648,-43.22994321565726],[173.2823658004399,-43.19749681531608],[173.32333680010083,-43.15362024913976],[173.4163487664323,-43.11009151574648],[173.46277176742376,-43.07555276508694],[173.5612313505059,-42.9724163488303],[173.58297561751743,-42.92543259895937],[173.62229473309554,-42.87694308200584],[173.65771681685138,-42.79780636515742],[173.71596016693096,-42.69654006580456],[173.77036390077987,-42.62979291565848],[173.8614634835367,-42.59909604918926],[173.95026666734896,-42.5328646159489],[173.98532304983956,-42.475960115676735],[173.99492849987158,-42.41166709853058],[174.16424633402207,-42.274003665452476],[174.20089121726306,-42.21213239919158],[174.20789226669112,-42.1466967985229],[174.2641025839832,-42.09921513168281],[174.04764366650366,-41.96823983242783],[174.06019278390295,-41.954412898974226],[174.05754861671375,-41.93929308205221],[174.063379516939,-41.93474184887566],[174.04940518304613,-41.92908793189168],[174.01949601730408,-41.93960384844629],[174.00348793370324,-41.932082515892574],[173.97710126648084,-41.93338538235237],[173.97932755029194,-41.925635148889775],[173.96520818364718,-41.92289378244257],[173.9587126174566,-41.90852879858049],[173.9304779833174,-41.92082053185975],[173.9145082664346,-41.915240931903],[173.85118281666308,-41.93308511575676],[173.81725366702068,-41.93299698241749],[173.78940861730234,-41.95819836508662],[173.76683166739645,-41.921817165136886],[173.75393890010483,-41.914466748900125],[173.76207636598915,-41.91190514894548]]]}},{"type":"Feature","properties":{"id":15,"name":"Otago"},"geometry":{"type":"Polygon","coordinates":[[[169.67515318410997,-43.95638378210703],[169.63291223373935,-43.96384033234685],[169.62325435002074,-43.95699018220622],[169.59278055065286,-43.95807616534204],[169.58258309997424,-43.98045889854035],[169.59190938384123,-43.99101238203339],[169.59198961690976,-44.01016793190184],[169.5790056669054,-44.03411034841148],[169.541080400608,-44.03331826544561],[169.50670235033863,-44.05924836556611],[169.4626461668776,-44.05926119901144],[169.42850036689705,-44.09652109847316],[169.38712036695858,-44.118726198821435],[169.33850583307228,-44.10233934842135],[169.32099733333845,-44.064086315398505],[169.3089808499205,-44.06064999886217],[169.2908057170408,-44.06272601524711],[169.27949903372038,-44.09378434872741],[169.25744271743724,-44.10811036575095],[169.1597492832759,-44.10485598226112],[169.14592463412095,-44.07989671593788],[169.08144546639866,-44.09697638230392],[169.07358791668466,-44.10960588171071],[169.03804840080002,-44.11819678216721],[169.01343018403514,-44.11476773178572],[169.01592328333632,-44.13081629889874],[168.9750784500262,-44.144029482090545],[168.98739421654165,-44.168930815975735],[168.9652594673562,-44.173651432466215],[168.95920831733153,-44.205812065203155],[168.91093963295577,-44.20979466529521],[168.90483341634143,-44.21823199876823],[168.87723098406565,-44.22284111565424],[168.87095489961428,-44.23886466550234],[168.84935460050275,-44.24614116544083],[168.85727366625508,-44.26970909914459],[168.84274111633255,-44.28334246560191],[168.83232560075416,-44.350847398550464],[168.77808594969304,-44.387849498638154],[168.75340693304483,-44.39224636570803],[168.7413199504233,-44.405422531845915],[168.74254690056534,-44.42100428177193],[168.6997830165504,-44.4049662318757],[168.68667373379827,-44.39191276593038],[168.64158605016672,-44.41655591597705],[168.62550280006775,-44.433935465692464],[168.5934691336243,-44.44177341560341],[168.5860629826311,-44.453791132264925],[168.55736918365125,-44.451723948498724],[168.52354996618254,-44.46037208247374],[168.46091804964377,-44.495388165623005],[168.28974678292406,-44.49637073194228],[168.27477931730752,-44.52036393221259],[168.23486811662994,-44.542620999091696],[168.23650608348254,-44.57671829849398],[168.2248122328289,-44.582992082538006],[168.22567578277335,-44.59807341536216],[168.21443871683744,-44.60347129846094],[168.19731491703334,-44.643339631877744],[168.18500908349534,-44.64613156541433],[168.19111656687838,-44.65585719929221],[168.1846916502538,-44.66948904900624],[168.19247965022203,-44.680660565660624],[168.17497409956962,-44.69771166521283],[168.1692898672312,-44.7219540986043],[168.18192271695764,-44.74517853247767],[168.19938598302787,-44.74018681513215],[168.2052788834515,-44.74634743258788],[168.16758018393628,-44.82830856523664],[168.1274336003326,-44.82858094861618],[168.11654215059642,-44.87640063227825],[168.12741121671507,-44.885247682290476],[168.13716001661794,-44.9135432158295],[168.13098249948072,-44.937978632386915],[168.1760731498209,-44.9662848156047],[168.17462133291554,-44.98102556535012],[168.22040896674866,-45.005932298858546],[168.22121885062302,-45.01638991579671],[168.23568428320135,-45.02426328241565],[168.27526815003773,-45.02580258193923],[168.29592344985767,-45.01384024907953],[168.30969566630083,-45.02602031546106],[168.29135023399297,-45.04046519848746],[168.29860248333364,-45.05218809844965],[168.28461276692997,-45.08461154872037],[168.2842061838384,-45.10617453259342],[168.2169665504206,-45.1443633990546],[168.23937693281763,-45.1544305152676],[168.2359902661767,-45.166849698483865],[168.25488030031957,-45.18517774894181],[168.25153151654467,-45.19951113201504],[168.29962708337425,-45.22116073198571],[168.28824385021795,-45.24488038256279],[168.30704433324172,-45.260407265964915],[168.3003187505762,-45.293934015863385],[168.32329404983633,-45.327543165903],[168.46079281704368,-45.32513798179989],[168.53940138308744,-45.30932671594437],[168.56684395055115,-45.286055315844074],[168.60764006686543,-45.277816782600425],[168.64930738406713,-45.24569873207845],[168.67410511747718,-45.24307174876939],[168.68341158295036,-45.247733449181666],[168.68046681642622,-45.259655449266376],[168.69009578317812,-45.27262523205599],[168.69784923364608,-45.311861831731015],[168.69221518412277,-45.33966976565711],[168.75163494981197,-45.36756634873605],[168.77465026642162,-45.36521296511443],[168.7686680006976,-45.403137432288375],[168.7787363002236,-45.43664628174059],[168.79620315029896,-45.43341303199668],[168.82521973302295,-45.44605696579984],[168.83048103300237,-45.43760906550067],[168.85398828323255,-45.43207331560036],[168.85881865005697,-45.4520111825317],[168.88690013386875,-45.46282046519018],[168.90679694997485,-45.449486482070185],[168.95956536628273,-45.35912208218336],[169.01279175083977,-45.30346818212739],[169.06769150064596,-45.269036282400556],[169.09019506725588,-45.28609304893711],[169.0992930330263,-45.319945748610465],[169.1294701498334,-45.33759274900667],[169.14821441704873,-45.33876999867776],[169.17074091734406,-45.38047841562406],[169.18086113395285,-45.39043546530611],[169.196490167053,-45.388378565221906],[169.20925856675498,-45.402383982269484],[169.21093248344107,-45.417159998583514],[169.19962390076182,-45.4343175655579],[169.1599401841753,-45.439717332227445],[169.14725158323776,-45.450496015480525],[169.13033191664758,-45.524779715361646],[169.11188260023988,-45.541840881745735],[169.09902476690584,-45.58068718216758],[169.07356046713122,-45.60443133230191],[169.05866323320632,-45.64114946548842],[169.02468873342045,-45.65963929890369],[169.0188251831473,-45.68978528193421],[169.00539475061194,-45.69844914877587],[169.0030729500877,-45.72709629846641],[168.9933720505344,-45.7285384158981],[169.00455215008122,-45.74958496516372],[169.00347010010026,-45.79576789917362],[169.02894603330603,-45.808925949159324],[169.00434940015822,-45.85973908251245],[169.05038973349917,-45.86395564904825],[169.0566199006529,-45.850103382406274],[169.08045268299315,-45.858157965642484],[169.07447371693223,-45.8710696659372],[169.09906980046574,-45.88435818244233],[169.08475398391855,-45.916708982507394],[169.07340906673363,-45.92474639920873],[169.09724135005837,-45.93855566542718],[169.0997187836598,-45.9480374317881],[169.06657735000095,-45.985295899290506],[169.07271758344308,-46.001615999102604],[169.1081712669015,-45.99513683183454],[169.1278177836691,-46.00312604878187],[169.07968661732198,-46.00266251547727],[169.07964770034437,-46.00827873220789],[169.1034578505257,-46.035965299126005],[169.15332813424502,-46.04874471526696],[169.1578741670538,-46.068444649075026],[169.13557106721217,-46.08539231562187],[169.16328673333462,-46.09578558174258],[169.15787551658943,-46.10666086595816],[169.16317200058072,-46.117105565148044],[169.13761500009187,-46.12733376511416],[169.12978338399984,-46.14777443245019],[169.1609737166729,-46.15216093210322],[169.16922654991112,-46.16091484852279],[169.15961440077453,-46.175678148588474],[169.17035778411557,-46.182754898625355],[169.16695718323766,-46.19186909896271],[169.18584633314424,-46.18929081554473],[169.18186175073853,-46.195710699144485],[169.19829236716393,-46.200440131717755],[169.19806070078596,-46.212629548420416],[169.18631425082518,-46.223261215714864],[169.19620006717307,-46.237608665435594],[169.1857039175185,-46.254804765975614],[169.18901261657692,-46.27991991570981],[169.17685443355546,-46.28568274888177],[169.19691505008095,-46.30431361518965],[169.17741623329076,-46.3218705986764],[169.19082658307212,-46.32640389851049],[169.14237751703624,-46.35347561586664],[169.14634344996932,-46.359122482494286],[169.1341438674948,-46.37543923227768],[169.17501546640253,-46.3863677491514],[169.19599751664265,-46.404406581814165],[169.19931390086052,-46.41993993215937],[169.18814871688548,-46.42744656585908],[169.19681016691587,-46.43879988255939],[169.16333239972167,-46.457722465110024],[169.1622646163675,-46.468488748451044],[169.1784696173343,-46.47830876595197],[169.1734332174477,-46.48704551569003],[169.25030178353194,-46.5133079656419],[169.22556406646726,-46.54984469924947],[169.19051695025513,-46.55692199885329],[169.2648885008342,-46.585854698494636],[169.26157808308977,-46.59855284863412],[169.27410521643475,-46.611338099258376],[169.26530656655606,-46.615492648608395],[169.2791662664351,-46.622413765900724],[169.3420553999712,-46.839221648786086],[169.46065329987132,-46.82590573244505],[169.60292246672068,-46.778137348911734],[169.68740620031036,-46.76585166541637],[169.75867661678095,-46.73914318231997],[170.04521610004528,-46.58376464848981],[170.09905766643897,-46.52021634886182],[170.11584565071738,-46.45363983228073],[170.39520136723297,-46.28283951574902],[170.4463154166696,-46.225277165906775],[170.48211738414201,-46.14110134865992],[170.62600418419348,-46.11262308230832],[170.69161080090245,-46.111186549096736],[170.76197226655012,-46.09713958169874],[170.89750653397942,-46.0459836822273],[170.97366058417072,-45.99726468192335],[171.01877466753453,-45.941097748401056],[171.03566473378,-45.882108015177685],[171.03427191672176,-45.771418698517884],[171.01858683378885,-45.723188065116105],[170.9878462172126,-45.676041931874295],[171.0075677676409,-45.63596781597302],[171.04848548366851,-45.60768286564369],[171.08471684988533,-45.56818211524492],[171.1124553836429,-45.49931436594725],[171.13933010009063,-45.455405532432586],[171.1522699498812,-45.37094836508899],[171.1397724000598,-45.30993523246946],[171.22461591760413,-45.225984781934486],[171.25155428348626,-45.18532746583684],[171.3272717335118,-45.12318386547812],[171.40680098302536,-45.01536756553635],[171.11575331759914,-44.929456132259396],[171.00135535045874,-44.92143253241406],[170.88614913336409,-44.89160679877924],[170.84113730069583,-44.89143323177507],[170.84113306655271,-44.903475148887715],[170.70937703421276,-44.90081826510747],[170.68064923322393,-44.90490443247589],[170.68329759990277,-44.9111500317341],[170.67246905054,-44.9180481990349],[170.65893595026336,-44.909183231693774],[170.6482168502156,-44.91235821557703],[170.6275964003174,-44.93363926588812],[170.63687343391538,-44.951301581797594],[170.61461120047224,-44.966670198803556],[170.57943210068044,-44.96549619876359],[170.57515041751114,-44.97785923230877],[170.5317964505,-44.9928598487001],[170.48100980042557,-45.04732003225526],[170.46475305024657,-45.045245749280504],[170.44718860034732,-45.06595666569427],[170.3972112835807,-45.08090436586941],[170.3855441833078,-45.07787218210252],[170.34944071673652,-45.02169769895059],[170.34734105010384,-44.98963094891154],[170.36982991712605,-44.97232209848518],[170.37337940090057,-44.952393182388306],[170.3656425508677,-44.94010039899575],[170.34906388424307,-44.943095198509184],[170.34998331675135,-44.90766739912189],[170.31935306749855,-44.90304898194901],[170.3016846170497,-44.91951351511821],[170.2907174668312,-44.914142231795964],[170.2723477834187,-44.92165336529621],[170.25199321649288,-44.918826432397594],[170.2420726674589,-44.930717249128534],[170.16448541660776,-44.9460048491392],[170.13094035085345,-44.94071791523193],[170.11129369981396,-44.94686301596308],[170.09409876727366,-44.940019932567985],[170.08477396670756,-44.92742829922163],[170.06865858402114,-44.92317514851923],[170.0818661003501,-44.912117332480896],[170.06381006731797,-44.883624332536236],[170.03093663321107,-44.87006453243331],[169.99796356666428,-44.82506009913313],[169.9936877002957,-44.78647881554305],[169.970183300285,-44.744071032034],[169.94421631757052,-44.65398421594598],[169.89126873420042,-44.64427546551977],[169.8361911834222,-44.668899415239665],[169.80563849994184,-44.661335865910786],[169.7548768832774,-44.63891663180255],[169.75715180059748,-44.612132815192076],[169.7305851166043,-44.56507028169967],[169.71860083351174,-44.57351611538814],[169.70850194979573,-44.60097619863145],[169.68528976699147,-44.606092815957695],[169.68177189993054,-44.597888215425435],[169.64099833368354,-44.596005131977066],[169.6406918998839,-44.564783765423435],[169.663398099541,-44.53722539868763],[169.64768503409596,-44.531101882404165],[169.65015306617164,-44.520954899223334],[169.6343221175865,-44.5017521485067],[169.64747878334188,-44.48115106539498],[169.64188941693627,-44.466424648606385],[169.57387139980054,-44.46234634870687],[169.54249753385335,-44.44860019926649],[169.55620179981563,-44.437585682331715],[169.54588436748114,-44.42266239880403],[169.56561253383478,-44.40230969919418],[169.55671228381792,-44.38095399906727],[169.57878333413706,-44.34012561554803],[169.56839701744144,-44.31931578174067],[169.58060883314013,-44.252348181752225],[169.57046306740241,-44.23673219853656],[169.54849976649993,-44.227578199164725],[169.54332386678067,-44.20747434871913],[169.56076915046873,-44.20544018247281],[169.57106993387046,-44.17722914917422],[169.60582318349097,-44.15851884874528],[169.5988852172197,-44.15029901585376],[169.62044506674798,-44.13996469927757],[169.62497129975316,-44.12248121509685],[169.63867879992432,-44.119924598603085],[169.63916265024812,-44.10179616573951],[169.66123530039752,-44.09150244862362],[169.65757106723365,-44.07764894891017],[169.6650160164659,-44.06773734910332],[169.6820236002094,-44.06841871530965],[169.6858944504625,-44.04199468239315],[169.71963215071554,-44.03619254852999],[169.70758985019427,-44.017135265252584],[169.7114545667461,-43.99724884927013],[169.6991139666016,-43.97972621547739],[169.6993366341802,-43.963546282198536],[169.67515318410997,-43.95638378210703]]]}},{"type":"Feature","properties":{"id":16,"name":"Southland"},"geometry":{"type":"Polygon","coordinates":[[[168.05706889975892,-44.25984868201664],[167.83811798286047,-44.12705769872476],[167.73845101687348,-44.24155091559204],[167.6313607495393,-44.32701394852099],[167.5280486328642,-44.45036141566468],[167.39334773296287,-44.52377216546578],[167.3421833659018,-44.56277463184482],[167.31191148343788,-44.59783426599382],[167.2036813998796,-44.6512636490493],[167.05858111630292,-44.737527598651155],[166.88013908222115,-44.89218736558352],[166.7825357322896,-44.989174881730555],[166.73619711654092,-45.01899449852273],[166.66844333269398,-45.07939966583567],[166.5135581319804,-45.27077958242644],[166.41368659862437,-45.43891461517894],[166.31980586491323,-45.496351032299145],[166.1897388157866,-45.62939644894497],[166.15515066543162,-45.69679409924015],[166.157396582607,-45.771957615907816],[166.141847265149,-45.82398469888113],[166.13946724809654,-45.92133879915181],[166.15887616602816,-45.97941319917379],[166.1693131985955,-46.04847269883763],[166.20099074821198,-46.11750218228806],[166.27386796581683,-46.205434932144634],[166.31022618241246,-46.23643899888478],[166.3629999822729,-46.26537624876732],[166.41075883226006,-46.317491065287626],[166.45779884942093,-46.3501273155891],[166.57216356597309,-46.39831673174792],[166.67030014881922,-46.41845374896206],[166.62409179899564,-46.45363044861838],[166.59180866554894,-46.4936104989253],[166.57428884957008,-46.535351432457695],[166.57027206619145,-46.580986448878654],[166.57983651552215,-46.62211056557643],[166.604766649743,-46.665165649069976],[166.6392074664033,-46.69986391553478],[166.6902318489089,-46.732270782389946],[166.78961506641338,-46.76954208251905],[166.88676983299803,-46.781826232601176],[166.99327441619732,-46.7715481485137],[167.08787051676583,-46.7366250153099],[167.15683456626016,-46.68113951525807],[167.19285518331424,-46.61153494931144],[167.19067581583062,-46.53296989842278],[167.15463388315496,-46.465033398484984],[167.29237486651806,-46.45908981549944],[167.53335456653141,-46.51277216574457],[167.54084506703228,-46.53063813194994],[167.48353688331508,-46.56558314849624],[167.4152717165546,-46.592146748852706],[167.36764233313636,-46.62340571598194],[167.33506003243798,-46.656393799212225],[167.3107039168441,-46.69778171539838],[167.30009970000825,-46.74799076529511],[167.30644196607713,-46.797051081972995],[167.3315965835553,-46.86273929858556],[167.36940590001072,-46.909709082057866],[167.36540419921906,-46.93458338171084],[167.24741528371223,-46.967354032112006],[167.16628716582997,-47.01958563236066],[167.0483197999232,-47.148840682137894],[167.02808634930128,-47.201577382185384],[167.02849211623584,-47.25129136569531],[167.0449381328924,-47.29664283193971],[167.08173979918595,-47.34349566531805],[167.2174609335218,-47.431391515191805],[167.31087608311745,-47.46252579849454],[167.4427115162943,-47.48578099889309],[167.53119894967335,-47.489295049007005],[167.5267111499488,-47.530667765564466],[167.53437826670933,-47.57014834882481],[167.55326610014438,-47.60769083249919],[167.58493383298304,-47.64369224885967],[167.67069859931786,-47.69601484891515],[167.78822918357915,-47.722820698685936],[167.86398648268835,-47.72200679898273],[167.93857995063584,-47.707704899263184],[168.01922088334126,-47.67554523222701],[168.07382275043707,-47.63698776572477],[168.11885698328848,-47.57535989878884],[168.13032065046016,-47.50918484879145],[168.16744138377797,-47.47347181560286],[168.19326388320633,-47.43081661519929],[168.20427218303942,-47.37896019915451],[168.19548053368814,-47.32786716512719],[168.29362179973862,-47.31487171528775],[168.3608643835802,-47.29467818260081],[168.4768361171001,-47.237038815868175],[168.53335675043076,-47.18616649903379],[168.5555025340461,-47.14885136535096],[168.56680884986838,-47.10282051598105],[168.56337538344096,-47.06095526558426],[168.5440734331141,-47.014996249218186],[168.72372055064554,-46.95554693217494],[168.7996701335032,-46.9061256992952],[168.8381379166155,-46.869010798436335],[169.03426435047834,-46.87666658176817],[169.16094628417568,-46.862678782548194],[169.25309836711247,-46.86124081531018],[169.3420553999712,-46.839221648786086],[169.2791662664351,-46.622413765900724],[169.26530656655606,-46.615492648608395],[169.27410521643475,-46.611338099258376],[169.26157808308977,-46.59855284863412],[169.2648885008342,-46.585854698494636],[169.19051695025513,-46.55692199885329],[169.22556406646726,-46.54984469924947],[169.25030178353194,-46.5133079656419],[169.1734332174477,-46.48704551569003],[169.1784696173343,-46.47830876595197],[169.1622646163675,-46.468488748451044],[169.16333239972167,-46.457722465110024],[169.19681016691587,-46.43879988255939],[169.18814871688548,-46.42744656585908],[169.19931390086052,-46.41993993215937],[169.19599751664265,-46.404406581814165],[169.17501546640253,-46.3863677491514],[169.1341438674948,-46.37543923227768],[169.14634344996932,-46.359122482494286],[169.14237751703624,-46.35347561586664],[169.19082658307212,-46.32640389851049],[169.17741623329076,-46.3218705986764],[169.19691505008095,-46.30431361518965],[169.17685443355546,-46.28568274888177],[169.18901261657692,-46.27991991570981],[169.1857039175185,-46.254804765975614],[169.19620006717307,-46.237608665435594],[169.18631425082518,-46.223261215714864],[169.19806070078596,-46.212629548420416],[169.19829236716393,-46.200440131717755],[169.18186175073853,-46.195710699144485],[169.18584633314424,-46.18929081554473],[169.16695718323766,-46.19186909896271],[169.17035778411557,-46.182754898625355],[169.15961440077453,-46.175678148588474],[169.16922654991112,-46.16091484852279],[169.1609737166729,-46.15216093210322],[169.12978338399984,-46.14777443245019],[169.13761500009187,-46.12733376511416],[169.16317200058072,-46.117105565148044],[169.15787551658943,-46.10666086595816],[169.16328673333462,-46.09578558174258],[169.13557106721217,-46.08539231562187],[169.1578741670538,-46.068444649075026],[169.15332813424502,-46.04874471526696],[169.1034578505257,-46.035965299126005],[169.07964770034437,-46.00827873220789],[169.07968661732198,-46.00266251547727],[169.1278177836691,-46.00312604878187],[169.1081712669015,-45.99513683183454],[169.07271758344308,-46.001615999102604],[169.06657735000095,-45.985295899290506],[169.0997187836598,-45.9480374317881],[169.09724135005837,-45.93855566542718],[169.07340906673363,-45.92474639920873],[169.08475398391855,-45.916708982507394],[169.09906980046574,-45.88435818244233],[169.07447371693223,-45.8710696659372],[169.08045268299315,-45.858157965642484],[169.0566199006529,-45.850103382406274],[169.05038973349917,-45.86395564904825],[169.00434940015822,-45.85973908251245],[169.02894603330603,-45.808925949159324],[169.00347010010026,-45.79576789917362],[169.00455215008122,-45.74958496516372],[168.9933720505344,-45.7285384158981],[169.0030729500877,-45.72709629846641],[169.00539475061194,-45.69844914877587],[169.0188251831473,-45.68978528193421],[169.02468873342045,-45.65963929890369],[169.05866323320632,-45.64114946548842],[169.07356046713122,-45.60443133230191],[169.09902476690584,-45.58068718216758],[169.11188260023988,-45.541840881745735],[169.13033191664758,-45.524779715361646],[169.14725158323776,-45.450496015480525],[169.1599401841753,-45.439717332227445],[169.19962390076182,-45.4343175655579],[169.21093248344107,-45.417159998583514],[169.20925856675498,-45.402383982269484],[169.196490167053,-45.388378565221906],[169.18086113395285,-45.39043546530611],[169.17074091734406,-45.38047841562406],[169.14821441704873,-45.33876999867776],[169.1294701498334,-45.33759274900667],[169.0992930330263,-45.319945748610465],[169.09019506725588,-45.28609304893711],[169.06769150064596,-45.269036282400556],[169.01279175083977,-45.30346818212739],[168.95956536628273,-45.35912208218336],[168.90679694997485,-45.449486482070185],[168.88690013386875,-45.46282046519018],[168.85881865005697,-45.4520111825317],[168.85398828323255,-45.43207331560036],[168.83048103300237,-45.43760906550067],[168.82521973302295,-45.44605696579984],[168.79620315029896,-45.43341303199668],[168.7787363002236,-45.43664628174059],[168.7686680006976,-45.403137432288375],[168.77465026642162,-45.36521296511443],[168.75163494981197,-45.36756634873605],[168.69221518412277,-45.33966976565711],[168.69784923364608,-45.311861831731015],[168.69009578317812,-45.27262523205599],[168.68046681642622,-45.259655449266376],[168.68341158295036,-45.247733449181666],[168.67410511747718,-45.24307174876939],[168.64930738406713,-45.24569873207845],[168.60764006686543,-45.277816782600425],[168.56684395055115,-45.286055315844074],[168.53940138308744,-45.30932671594437],[168.46079281704368,-45.32513798179989],[168.32329404983633,-45.327543165903],[168.3003187505762,-45.293934015863385],[168.30704433324172,-45.260407265964915],[168.28824385021795,-45.24488038256279],[168.29962708337425,-45.22116073198571],[168.25153151654467,-45.19951113201504],[168.25488030031957,-45.18517774894181],[168.2359902661767,-45.166849698483865],[168.23937693281763,-45.1544305152676],[168.2169665504206,-45.1443633990546],[168.2842061838384,-45.10617453259342],[168.28461276692997,-45.08461154872037],[168.29860248333364,-45.05218809844965],[168.29135023399297,-45.04046519848746],[168.30969566630083,-45.02602031546106],[168.29592344985767,-45.01384024907953],[168.27526815003773,-45.02580258193923],[168.23568428320135,-45.02426328241565],[168.22121885062302,-45.01638991579671],[168.22040896674866,-45.005932298858546],[168.17462133291554,-44.98102556535012],[168.1760731498209,-44.9662848156047],[168.13098249948072,-44.937978632386915],[168.13716001661794,-44.9135432158295],[168.12741121671507,-44.885247682290476],[168.11654215059642,-44.87640063227825],[168.1274336003326,-44.82858094861618],[168.16758018393628,-44.82830856523664],[168.2052788834515,-44.74634743258788],[168.19938598302787,-44.74018681513215],[168.18192271695764,-44.74517853247767],[168.16919319972476,-44.721286232281265],[168.17497409956962,-44.69771166521283],[168.19247965022203,-44.680660565660624],[168.1846916502538,-44.66948904900624],[168.19111656687838,-44.65585719929221],[168.18500908349534,-44.64613156541433],[168.19731491703334,-44.643339631877744],[168.21443871683744,-44.60347129846094],[168.22567578277335,-44.59807341536216],[168.2248122328289,-44.582992082538006],[168.23688868342322,-44.57581219850003],[168.23461423314728,-44.542995531952116],[168.27477931730752,-44.52036393221259],[168.28974678292406,-44.49637073194228],[168.3368312164755,-44.495397099048894],[168.3368832500904,-44.47585526530942],[168.35292903317986,-44.46046418218906],[168.3487304995914,-44.45185684853165],[168.3660504502351,-44.424400948883694],[168.35176091725455,-44.40417991518851],[168.38384486722765,-44.38843454862265],[168.3854981832412,-44.378836232409476],[168.4048964507069,-44.377054315553636],[168.4113553671891,-44.36162351582616],[168.3683673323729,-44.354500881705164],[168.3813753495822,-44.33810831513534],[168.36695888347995,-44.340481415328696],[168.34816356688117,-44.32913719896049],[168.3536413666811,-44.30534096529314],[168.34536899955572,-44.28209803207002],[168.30541533372534,-44.27914174848239],[168.28040271622666,-44.26005009840812],[168.22584258340657,-44.25644548172022],[168.19554686633552,-44.27409858217929],[168.15771403359759,-44.282208148812686],[168.05706889975892,-44.25984868201664]]]}}]}