{"type":"FeatureCollection","features":[{"type":"Feature","properties":{"id":1},"geometry":{"type":"MultiPolygon","coordinates":[[[[102.606445,11.676514],[102.589941,11.572168],[102.532813,11.614941],[102.568945,11.691699],[102.606445,11.676514]]],[[[102.426758,11.988721],[102.42998,11.964746],[102.301953,11.980811],[102.277441,12.151855],[102.318848,12.14165],[102.426758,11.988721]]],[[[98.409082,7.902051],[98.398438,7.828418],[98.357422,7.829443],[98.296289,7.776074],[98.262305,7.926074],[98.301367,8.13623],[98.32207,8.166309],[98.350977,8.110645],[98.434961,8.085645],[98.398828,7.964551],[98.409082,7.902051]]],[[[100.122461,20.31665],[100.114941,20.257666],[100.139746,20.24541],[100.218066,20.3396],[100.266016,20.377295],[100.317969,20.385889],[100.373145,20.340381],[100.431543,20.240723],[100.519531,20.17793],[100.543066,20.088672],[100.397656,19.756104],[100.420117,19.644482],[100.513574,19.553467],[100.625488,19.499854],[100.743945,19.514746],[100.858203,19.585059],[100.966504,19.610791],[101.154688,19.579199],[101.211914,19.54834],[101.220801,19.486621],[101.197559,19.32793],[101.279883,19.088916],[101.286328,18.977148],[101.165527,18.618311],[101.046973,18.441992],[101.050586,18.407031],[101.1375,18.286865],[101.143945,18.142627],[101.113281,18.033545],[100.908496,17.583887],[100.955859,17.541113],[101.105176,17.479541],[101.16748,17.499023],[101.413672,17.71875],[101.6875,17.889404],[101.744141,17.952686],[101.774805,18.033398],[101.818652,18.064648],[101.875488,18.046436],[101.947461,18.081494],[102.101465,18.210645],[102.148242,18.203857],[102.458789,17.984619],[102.552539,17.965088],[102.598242,17.926758],[102.596094,17.869629],[102.616797,17.83335],[102.660645,17.817969],[102.717578,17.892236],[102.807422,17.945557],[102.991406,17.98623],[103.051367,18.028516],[103.091211,18.138232],[103.148535,18.221729],[103.263184,18.278467],[103.27959,18.30498],[103.248926,18.338965],[103.251758,18.373486],[103.288281,18.408398],[103.487988,18.418164],[103.792285,18.316504],[103.898828,18.295313],[103.949609,18.318994],[104.04873,18.216699],[104.196191,17.988379],[104.428125,17.698975],[104.539258,17.609277],[104.655859,17.546729],[104.739648,17.46167],[104.816016,17.300293],[104.758984,17.077148],[104.743555,16.884375],[104.750586,16.647559],[104.819336,16.466064],[104.949902,16.339941],[105.025781,16.237988],[105.047168,16.160254],[105.14873,16.093555],[105.330664,16.037891],[105.40625,15.987451],[105.375586,15.942188],[105.373242,15.889697],[105.398926,15.829883],[105.62207,15.699951],[105.641016,15.656543],[105.615625,15.488281],[105.57373,15.413232],[105.513184,15.360889],[105.49043,15.256592],[105.49043,15.127588],[105.533398,15.041602],[105.54668,14.932471],[105.475586,14.530127],[105.342188,14.416699],[105.169141,14.336084],[105.074121,14.227441],[105.033691,14.227393],[105.003418,14.254443],[104.969727,14.366113],[104.779004,14.427832],[104.411621,14.36958],[104.227734,14.395508],[103.981836,14.35791],[103.741895,14.37417],[103.600391,14.421094],[103.199414,14.332617],[103.031055,14.252539],[102.909277,14.136719],[102.728906,13.841895],[102.62041,13.716943],[102.544727,13.659961],[102.565527,13.626367],[102.546875,13.585693],[102.336328,13.560303],[102.319727,13.53999],[102.330762,13.288232],[102.362988,13.192969],[102.461719,13.015039],[102.499609,12.669971],[102.629687,12.569922],[102.755664,12.42627],[102.70625,12.255664],[102.736621,12.089795],[102.933887,11.706689],[102.912305,11.703857],[102.883691,11.772754],[102.791602,11.888623],[102.762988,12.012451],[102.594141,12.203027],[102.540234,12.109229],[102.343164,12.252588],[102.259082,12.394336],[102.22959,12.331641],[102.034375,12.531885],[101.889063,12.593262],[101.835742,12.640381],[101.723633,12.689355],[101.444922,12.618945],[101.090234,12.673633],[100.953711,12.62124],[100.897754,12.653809],[100.863281,12.714502],[100.896387,12.818164],[100.903906,13.034912],[100.946094,13.187256],[100.92627,13.303027],[100.962695,13.431982],[100.906543,13.462402],[100.656055,13.521289],[100.60293,13.568164],[100.536426,13.514453],[100.235645,13.484473],[100.122363,13.439551],[100.01748,13.353174],[99.990527,13.243457],[100.051074,13.17124],[100.089941,13.045654],[99.963965,12.690039],[100.005664,12.354736],[99.989062,12.170801],[99.930273,12.047461],[99.837109,11.936621],[99.79873,11.748779],[99.725488,11.661768],[99.627344,11.462891],[99.514355,11.100586],[99.486914,10.889551],[99.284766,10.569141],[99.237305,10.388135],[99.165039,10.319824],[99.190332,10.265869],[99.194629,10.175439],[99.160742,9.734033],[99.288281,9.4146],[99.253906,9.265234],[99.393848,9.213721],[99.723828,9.314209],[99.835547,9.288379],[99.904688,9.112891],[99.960645,8.67124],[99.989551,8.589209],[100.129297,8.428076],[100.154102,8.442969],[100.163477,8.508398],[100.228711,8.424707],[100.279395,8.268506],[100.453516,7.442285],[100.545215,7.226904],[100.439355,7.280762],[100.410742,7.464307],[100.380371,7.541504],[100.283789,7.551514],[100.27998,7.584326],[100.324316,7.644189],[100.317383,7.715967],[100.256641,7.774902],[100.158203,7.728125],[100.160742,7.599268],[100.204883,7.500537],[100.423535,7.187842],[100.489746,7.161377],[100.58623,7.175977],[100.792578,6.994678],[101.017871,6.860937],[101.301953,6.908301],[101.400879,6.899561],[101.497949,6.865283],[101.614258,6.753955],[101.799219,6.474609],[102.101074,6.242236],[102.068359,6.184668],[102.055176,6.09668],[101.936133,5.979346],[101.873633,5.825293],[101.790723,5.779346],[101.678418,5.778809],[101.556055,5.907764],[101.257031,5.789355],[101.190625,5.66875],[101.113965,5.636768],[100.981641,5.771045],[100.992773,5.846191],[101.075586,5.956494],[101.086523,6.033691],[101.053516,6.242578],[100.98877,6.257666],[100.873926,6.24541],[100.816504,6.331641],[100.79375,6.426172],[100.754492,6.460059],[100.715625,6.480664],[100.629492,6.447998],[100.34541,6.549902],[100.261426,6.682715],[100.176758,6.671826],[100.119141,6.441992],[99.868652,6.749902],[99.695996,6.87666],[99.720313,7.106201],[99.667773,7.150879],[99.602441,7.155322],[99.553027,7.218799],[99.596973,7.355615],[99.529102,7.329492],[99.435156,7.334375],[99.358594,7.372217],[99.300391,7.561328],[99.263672,7.619043],[99.183398,7.718066],[99.077637,7.718066],[99.042676,7.765625],[99.051074,7.887842],[98.973926,7.962793],[98.788672,8.059814],[98.703516,8.256738],[98.579199,8.344287],[98.499805,8.317822],[98.474023,8.246924],[98.420996,8.178223],[98.360742,8.186963],[98.305469,8.226221],[98.238184,8.423096],[98.226953,8.543652],[98.241797,8.767871],[98.325977,8.968945],[98.371387,9.290527],[98.443164,9.492822],[98.492969,9.561426],[98.561914,9.8375],[98.702539,10.190381],[98.746875,10.35083],[98.775391,10.557031],[98.757227,10.660937],[99.190137,11.105273],[99.47793,11.6125],[99.572852,11.687158],[99.614746,11.781201],[99.522949,12.089648],[99.462891,12.190234],[99.394238,12.473633],[99.405078,12.5479],[99.219824,12.739746],[99.173535,12.881934],[99.173535,12.961328],[99.123926,13.030762],[99.107422,13.103516],[99.176172,13.233057],[99.17168,13.496924],[99.136816,13.716699],[99.014648,13.947168],[98.933594,14.049854],[98.57002,14.359912],[98.245996,14.814746],[98.202148,14.975928],[98.17793,15.147412],[98.191016,15.204102],[98.452148,15.357373],[98.537305,15.350684],[98.556934,15.367676],[98.558203,15.768604],[98.592383,16.050684],[98.817969,16.180811],[98.865527,16.237061],[98.888281,16.351904],[98.835449,16.417578],[98.689258,16.30542],[98.660742,16.33042],[98.593652,16.514795],[98.478125,16.732227],[98.471191,16.89502],[98.438867,16.975684],[98.256543,17.147656],[97.706445,17.797119],[97.698535,17.833545],[97.739941,17.935303],[97.719727,18.037402],[97.622461,18.258008],[97.632227,18.290332],[97.523828,18.295898],[97.450781,18.359668],[97.373926,18.517969],[97.515137,18.497754],[97.745898,18.588184],[97.706055,18.931787],[97.71416,18.996484],[97.803906,19.130469],[97.793555,19.265869],[97.816797,19.459961],[97.916406,19.592871],[97.991211,19.653711],[98.015039,19.749512],[98.049023,19.769727],[98.111035,19.762158],[98.239062,19.690674],[98.371289,19.68916],[98.493848,19.701318],[98.760645,19.771094],[98.916699,19.7729],[98.958008,19.804932],[98.987402,19.861377],[99.020703,20.041797],[99.074219,20.099365],[99.196875,20.115137],[99.283691,20.08042],[99.337891,20.078906],[99.451563,20.118311],[99.485938,20.149854],[99.50166,20.187744],[99.447949,20.352051],[99.458887,20.363037],[99.638672,20.320459],[99.720117,20.325439],[99.77334,20.341309],[99.890332,20.424414],[99.954297,20.41543],[100.122461,20.31665]]],[[[100.074121,9.69668],[100.064453,9.67998],[100.025684,9.711719],[99.983398,9.793555],[100.043457,9.79165],[100.073047,9.749121],[100.074121,9.69668]]],[[[100.070703,9.586035],[100.075293,9.529443],[100.053711,9.461426],[99.962402,9.421631],[99.93125,9.476074],[99.939551,9.559961],[99.953613,9.581006],[100.070703,9.586035]]],[[[99.663086,6.521924],[99.644043,6.516113],[99.606641,6.596826],[99.654004,6.714111],[99.701367,6.570557],[99.663086,6.521924]]],[[[98.591992,7.933936],[98.57998,7.917041],[98.529395,8.108545],[98.604297,8.057324],[98.591992,7.933936]]],[[[98.30752,9.051465],[98.250781,9.04082],[98.273633,9.129883],[98.301172,9.139111],[98.30752,9.051465]]],[[[99.078418,7.591846],[99.104395,7.471289],[99.037695,7.548486],[99.045117,7.636523],[99.078418,7.591846]]]]}},{"type":"Feature","properties":{"id":2},"geometry":{"type":"MultiPolygon","coordinates":[[[[104.063965,10.39082],[104.083008,10.341113],[104.075781,10.224854],[104.036816,10.110742],[104.04834,10.061035],[104.018457,10.029199],[103.952148,10.24292],[103.849512,10.371094],[103.898438,10.368506],[103.98584,10.426953],[104.027734,10.428369],[104.063965,10.39082]]],[[[107.972656,21.507959],[107.809082,21.497119],[107.707227,21.405859],[107.636719,21.368066],[107.409961,21.284814],[107.354297,21.055176],[107.164746,20.94873],[107.111719,20.95957],[107.075195,20.999268],[106.88623,20.95],[106.683398,21.000293],[106.675488,20.960498],[106.753418,20.735059],[106.550781,20.526562],[106.572852,20.392187],[106.517969,20.288867],[106.395508,20.205908],[106.165723,19.992041],[106.062207,19.987354],[105.984082,19.939062],[105.813965,19.587451],[105.812109,19.466992],[105.785352,19.378857],[105.791113,19.294189],[105.716406,19.127783],[105.639063,19.057178],[105.621777,18.966309],[105.888281,18.50249],[106.065625,18.316357],[106.239551,18.220703],[106.499023,17.946436],[106.459375,17.873682],[106.478906,17.71958],[106.355859,17.765039],[106.370508,17.746875],[106.516797,17.662793],[106.735742,17.367188],[107.119922,17.055518],[107.180371,16.897949],[107.355078,16.79375],[107.549316,16.642578],[107.54082,16.608643],[107.724121,16.487842],[107.803125,16.403076],[107.833789,16.322461],[107.882031,16.309619],[108.029395,16.331104],[108.169727,16.163672],[108.208984,16.091064],[108.267383,16.089795],[108.286035,15.989063],[108.395312,15.872461],[108.447461,15.762695],[108.577832,15.584717],[108.674219,15.483594],[108.821289,15.37793],[108.898242,15.180518],[108.939941,15.001465],[109.022461,14.802832],[109.084863,14.716162],[109.087012,14.552588],[109.191406,14.270459],[109.207324,14.154297],[109.30332,13.856445],[109.288086,13.765039],[109.24707,13.854736],[109.252051,13.590527],[109.288086,13.450781],[109.271875,13.279346],[109.376758,13.025488],[109.423926,12.955957],[109.42002,12.719043],[109.444922,12.599609],[109.335547,12.751904],[109.218945,12.645801],[109.304688,12.391162],[109.206836,12.415381],[109.215723,12.0729],[109.25918,11.954541],[109.247266,11.908691],[109.214551,12.010449],[109.199121,11.999023],[109.15752,11.837109],[109.198633,11.724854],[109.13252,11.601074],[109.039648,11.592676],[108.986719,11.336377],[108.820801,11.31543],[108.700293,11.199268],[108.55127,11.155957],[108.27168,10.934277],[108.094922,10.897266],[108.001367,10.720361],[107.845117,10.700098],[107.564453,10.555469],[107.470313,10.48584],[107.261523,10.398389],[107.194141,10.471582],[107.087793,10.49834],[107.035742,10.556299],[107.006641,10.660547],[106.983691,10.618311],[106.947461,10.400342],[106.902051,10.382812],[106.812695,10.433301],[106.727344,10.535645],[106.605859,10.464941],[106.741211,10.444385],[106.777539,10.376123],[106.757422,10.295801],[106.464063,10.298291],[106.729004,10.193311],[106.785254,10.151172],[106.785254,10.116455],[106.65918,9.991406],[106.656836,9.901074],[106.595605,9.859863],[106.449121,9.939648],[106.136426,10.22168],[106.183594,10.14209],[106.507422,9.82124],[106.564355,9.715625],[106.572461,9.641113],[106.484082,9.559424],[106.378027,9.556104],[106.204004,9.675439],[105.925684,9.961719],[105.830957,10.000732],[106.1125,9.673584],[106.158594,9.594141],[106.206152,9.502344],[106.168359,9.396729],[105.500977,9.093213],[105.401367,8.962402],[105.322266,8.801123],[105.191211,8.711328],[105.114355,8.629199],[104.891895,8.583252],[104.77041,8.597656],[104.896289,8.746631],[104.818555,8.801855],[104.814648,9.185498],[104.845215,9.606152],[104.903223,9.81626],[104.987109,9.868652],[105.092578,9.900977],[105.094922,9.945264],[105.084473,9.995703],[105.027832,10.067432],[104.96582,10.100586],[104.873242,10.114795],[104.801953,10.202734],[104.663477,10.169922],[104.612695,10.207666],[104.594043,10.266895],[104.426367,10.41123],[104.466992,10.422363],[104.564258,10.515967],[104.850586,10.534473],[105.046387,10.70166],[105.061133,10.733789],[105.022266,10.886865],[105.045703,10.911377],[105.159473,10.897559],[105.314648,10.845166],[105.405762,10.951611],[105.755078,10.98999],[105.85332,10.863574],[105.938184,10.885156],[106.098828,10.797266],[106.163965,10.794922],[106.131543,10.921973],[106.167969,11.012305],[106.160937,11.037109],[105.891602,11.244824],[105.856055,11.294287],[105.854004,11.487061],[105.835352,11.559131],[105.851465,11.63501],[105.926562,11.65293],[106.006055,11.758008],[106.10293,11.75127],[106.339844,11.681836],[106.399219,11.687012],[106.4125,11.697803],[106.413867,11.948437],[106.700098,11.979297],[106.764648,12.052344],[106.930664,12.07749],[107.158984,12.277051],[107.212109,12.304004],[107.330078,12.319043],[107.393359,12.260498],[107.506445,12.364551],[107.538086,12.431787],[107.555469,12.53999],[107.543555,12.705908],[107.481543,12.933105],[107.475391,13.030371],[107.605469,13.437793],[107.593945,13.52168],[107.389453,13.993018],[107.362109,14.019482],[107.331445,14.126611],[107.364453,14.368701],[107.448438,14.451221],[107.535254,14.649951],[107.51377,14.817383],[107.524512,14.871826],[107.480371,14.979883],[107.496289,15.021436],[107.555273,15.057031],[107.653125,15.255225],[107.564258,15.391602],[107.279395,15.618701],[107.165918,15.80249],[107.188867,15.838623],[107.391992,15.95166],[107.410156,15.997852],[107.396387,16.043018],[107.217383,16.136328],[107.069727,16.279834],[106.930664,16.353125],[106.892773,16.396533],[106.851074,16.515625],[106.832422,16.52627],[106.739551,16.452539],[106.696094,16.458984],[106.656445,16.492627],[106.546191,16.650732],[106.525977,16.876611],[106.502246,16.954102],[106.425977,17.002539],[106.269531,17.216797],[106.00625,17.415283],[105.691406,17.737842],[105.627246,17.834424],[105.588477,17.983691],[105.458203,18.154297],[105.333496,18.189648],[105.163281,18.338721],[105.114551,18.405273],[105.08584,18.450098],[105.087012,18.49624],[105.146484,18.650977],[104.993164,18.72832],[104.716504,18.803418],[104.108594,19.195557],[103.918359,19.268506],[103.891602,19.30498],[103.896387,19.33999],[104.027539,19.420459],[104.062891,19.482568],[104.051562,19.56416],[104.013477,19.646484],[104.032031,19.675146],[104.259863,19.685498],[104.546289,19.610547],[104.587891,19.61875],[104.743164,19.754736],[104.801758,19.836133],[104.815137,19.904004],[104.92793,20.018115],[104.929199,20.082813],[104.888672,20.169092],[104.847852,20.202441],[104.812695,20.216846],[104.69873,20.205322],[104.676953,20.224707],[104.656445,20.328516],[104.618848,20.374512],[104.367773,20.441406],[104.407813,20.485742],[104.532715,20.554883],[104.575195,20.600244],[104.583203,20.64668],[104.349609,20.821094],[104.195312,20.913965],[104.101367,20.945508],[104.052051,20.941211],[103.882031,20.861426],[103.790527,20.809521],[103.714453,20.716943],[103.635059,20.69707],[103.463574,20.779834],[103.210742,20.840625],[103.104492,20.89165],[102.851172,21.265918],[102.8875,21.439941],[102.948633,21.569775],[102.949609,21.681348],[102.917676,21.712939],[102.845215,21.734766],[102.815918,21.807373],[102.738574,21.67793],[102.695312,21.662109],[102.662012,21.676025],[102.58252,21.904297],[102.4875,21.957764],[102.442676,22.027148],[102.183008,22.284033],[102.127441,22.379199],[102.237012,22.466016],[102.406445,22.708008],[102.470898,22.750928],[102.830078,22.587158],[102.935156,22.466162],[102.981934,22.448242],[103.136328,22.542236],[103.137598,22.592969],[103.300586,22.764404],[103.32666,22.769775],[103.492969,22.587988],[103.525391,22.611572],[103.570703,22.734424],[103.620215,22.782031],[103.915039,22.538232],[103.941504,22.540088],[103.971387,22.550488],[103.99082,22.586133],[104.053906,22.752295],[104.143066,22.800146],[104.2125,22.809424],[104.29834,22.712012],[104.371777,22.704053],[104.526855,22.804102],[104.687305,22.822217],[104.795703,22.911133],[104.826563,23.100195],[104.864746,23.136377],[105.189063,23.281055],[105.275391,23.345215],[105.440137,23.235352],[105.494531,23.180859],[105.548145,23.072656],[105.691211,23.029932],[105.842969,22.922803],[105.962305,22.937451],[106.000977,22.974756],[106.148438,22.970068],[106.279004,22.857471],[106.541797,22.90835],[106.780273,22.778906],[106.701563,22.637744],[106.633105,22.586035],[106.582422,22.573242],[106.550391,22.501367],[106.536328,22.39541],[106.553613,22.341699],[106.636523,22.288623],[106.654199,22.241455],[106.663574,21.978906],[106.729492,22.000342],[106.925195,21.920117],[106.970996,21.923926],[107.061621,21.794189],[107.178516,21.71709],[107.27207,21.710645],[107.351172,21.608887],[107.433496,21.642285],[107.471387,21.59834],[107.641016,21.613916],[107.759277,21.655029],[107.802051,21.645166],[107.972656,21.507959]]],[[[106.61748,8.682812],[106.567969,8.700928],[106.658594,8.766357],[106.652539,8.701123],[106.61748,8.682812]]],[[[107.167676,10.397168],[107.083789,10.336572],[107.07793,10.3875],[107.194922,10.445703],[107.167676,10.397168]]],[[[106.865625,20.815723],[106.854102,20.796387],[106.769434,20.864209],[106.795313,20.92793],[106.855078,20.858252],[106.865625,20.815723]]],[[[107.602734,21.216797],[107.458691,21.09165],[107.403516,21.093652],[107.47627,21.268945],[107.602734,21.216797]]],[[[107.521289,20.926611],[107.465527,20.900537],[107.399219,20.903467],[107.478613,20.952344],[107.55127,21.034033],[107.551074,20.981201],[107.521289,20.926611]]],[[[107.031348,20.747021],[106.990039,20.743066],[106.910645,20.824219],[106.953418,20.867041],[107.04375,20.836816],[107.063965,20.799756],[107.031348,20.747021]]]]}},{"type":"Feature","properties":{"id":3},"geometry":{"type":"MultiPolygon","coordinates":[[[[100.122461,20.31665],[99.954297,20.41543],[99.890332,20.424414],[99.77334,20.341309],[99.720117,20.325439],[99.638672,20.320459],[99.458887,20.363037],[99.447949,20.352051],[99.50166,20.187744],[99.485938,20.149854],[99.451563,20.118311],[99.337891,20.078906],[99.283691,20.08042],[99.196875,20.115137],[99.074219,20.099365],[99.020703,20.041797],[98.987402,19.861377],[98.958008,19.804932],[98.916699,19.7729],[98.760645,19.771094],[98.493848,19.701318],[98.371289,19.68916],[98.239062,19.690674],[98.111035,19.762158],[98.049023,19.769727],[98.015039,19.749512],[97.991211,19.653711],[97.916406,19.592871],[97.816797,19.459961],[97.793555,19.265869],[97.803906,19.130469],[97.71416,18.996484],[97.706055,18.931787],[97.745898,18.588184],[97.515137,18.497754],[97.373926,18.517969],[97.450781,18.359668],[97.523828,18.295898],[97.632227,18.290332],[97.622461,18.258008],[97.719727,18.037402],[97.739941,17.935303],[97.698535,17.833545],[97.706445,17.797119],[98.256543,17.147656],[98.438867,16.975684],[98.471191,16.89502],[98.478125,16.732227],[98.593652,16.514795],[98.660742,16.33042],[98.689258,16.30542],[98.835449,16.417578],[98.888281,16.351904],[98.865527,16.237061],[98.817969,16.180811],[98.592383,16.050684],[98.558203,15.768604],[98.556934,15.367676],[98.537305,15.350684],[98.452148,15.357373],[98.191016,15.204102],[98.17793,15.147412],[98.202148,14.975928],[98.245996,14.814746],[98.57002,14.359912],[98.933594,14.049854],[99.014648,13.947168],[99.136816,13.716699],[99.17168,13.496924],[99.176172,13.233057],[99.107422,13.103516],[99.123926,13.030762],[99.173535,12.961328],[99.173535,12.881934],[99.219824,12.739746],[99.405078,12.5479],[99.394238,12.473633],[99.462891,12.190234],[99.522949,12.089648],[99.614746,11.781201],[99.572852,11.687158],[99.47793,11.6125],[99.190137,11.105273],[98.757227,10.660937],[98.775391,10.557031],[98.768359,10.430859],[98.702539,10.190381],[98.658008,10.179053],[98.562598,10.034961],[98.496875,10.18252],[98.523047,10.353125],[98.464941,10.67583],[98.535645,10.740674],[98.675586,10.986914],[98.682617,11.133105],[98.744727,11.240381],[98.730078,11.32998],[98.741406,11.591699],[98.790723,11.665088],[98.875977,11.719727],[98.804785,11.779248],[98.693652,11.718359],[98.636328,11.738379],[98.624902,11.801465],[98.644922,11.910303],[98.689453,11.956738],[98.663867,12.126709],[98.696289,12.225244],[98.630566,12.225488],[98.600293,12.245312],[98.619141,12.3],[98.678711,12.348486],[98.624414,12.440723],[98.664648,12.539941],[98.663184,12.662402],[98.575977,13.161914],[98.487109,13.293066],[98.421289,13.483789],[98.24541,13.733496],[98.238965,13.934473],[98.200391,13.980176],[98.149512,13.647607],[98.110645,13.712891],[98.098242,13.89834],[98.072656,13.986475],[98.100195,14.161523],[97.998438,14.335303],[97.976562,14.461475],[97.909766,14.652686],[97.929297,14.695557],[98.01875,14.652588],[97.936523,14.763916],[97.869141,14.738721],[97.812305,14.858936],[97.799805,15.184912],[97.74375,15.306787],[97.774219,15.430957],[97.710352,15.875537],[97.584277,16.01958],[97.640625,16.253857],[97.633691,16.457666],[97.664648,16.520459],[97.725977,16.568555],[97.619629,16.537207],[97.375879,16.522949],[97.331055,16.671777],[97.26748,16.743115],[97.211719,16.892578],[97.17832,17.062012],[97.200195,17.09541],[97.100195,17.164551],[96.970117,17.317334],[96.851465,17.401025],[96.909766,17.304834],[96.850879,17.20293],[96.908594,17.030957],[96.810645,16.778369],[96.76543,16.710352],[96.622461,16.563916],[96.506641,16.514355],[96.431152,16.504932],[96.364355,16.520508],[96.282227,16.595996],[96.248926,16.765332],[96.220313,16.780566],[96.189063,16.768311],[96.237695,16.63125],[96.236719,16.567432],[96.324316,16.444434],[96.293066,16.410059],[96.135059,16.342529],[96.080957,16.353369],[96.042871,16.339941],[96.012305,16.253711],[95.763281,16.169043],[95.679492,15.976758],[95.555664,15.837842],[95.389551,15.722754],[95.301465,15.756152],[95.307813,15.88042],[95.364746,15.985449],[95.346777,16.097607],[95.333008,16.033252],[95.176953,15.825684],[95.07832,15.83916],[94.942578,15.818262],[94.891211,15.979102],[94.893164,16.182812],[94.847754,16.032861],[94.798145,15.971094],[94.661523,15.904395],[94.651367,16.064844],[94.680762,16.133301],[94.676562,16.242041],[94.719922,16.39873],[94.70332,16.511914],[94.665234,16.336133],[94.5875,16.288818],[94.441602,16.094385],[94.299023,16.007617],[94.223828,16.016455],[94.214258,16.126611],[94.271289,16.517285],[94.327344,16.572168],[94.353418,16.639941],[94.4,16.868164],[94.452441,16.954492],[94.473145,17.135449],[94.564453,17.308545],[94.588965,17.569336],[94.560059,17.698975],[94.494336,17.824609],[94.430762,18.20166],[94.26582,18.507227],[94.252148,18.60918],[94.170703,18.732422],[94.245703,18.741162],[94.091309,18.849219],[94.07002,18.893408],[94.038965,19.146191],[94.044922,19.287402],[94.022461,19.268799],[94.001563,19.181787],[93.941016,19.146094],[93.968066,18.995068],[93.929199,18.899658],[93.705469,19.026904],[93.493066,19.369482],[93.530566,19.397559],[93.578613,19.401172],[93.728027,19.266504],[93.824902,19.238477],[93.962012,19.329346],[93.998145,19.440869],[93.960742,19.481689],[93.839551,19.534131],[93.769922,19.60957],[93.739551,19.697266],[93.611719,19.776074],[93.707031,19.912158],[93.581836,19.90957],[93.40957,20.03833],[93.25,20.070117],[93.156641,20.040771],[93.199023,19.89834],[93.190625,19.851221],[93.129492,19.858008],[93.001953,20.074854],[93.095508,20.181348],[93.015137,20.185254],[93.066797,20.377637],[93.035352,20.406152],[92.990723,20.287988],[92.882129,20.152148],[92.791211,20.211426],[92.891113,20.340332],[92.850684,20.414844],[92.786914,20.469043],[92.735645,20.562695],[92.708984,20.563965],[92.732617,20.453369],[92.722852,20.295605],[92.608008,20.469873],[92.37832,20.717578],[92.324121,20.791846],[92.264453,21.061475],[92.214746,21.112695],[92.17959,21.293115],[92.208203,21.357861],[92.279688,21.427588],[92.330566,21.439795],[92.53916,21.319824],[92.568555,21.26333],[92.599805,21.270166],[92.631641,21.306201],[92.593457,21.467334],[92.574902,21.978076],[92.630371,22.011328],[92.688965,22.130957],[92.771387,22.104785],[92.854297,22.010156],[92.909473,21.988916],[92.964551,22.00376],[93.042969,22.183984],[93.070605,22.209424],[93.121484,22.205176],[93.151172,22.230615],[93.162012,22.360205],[93.105078,22.547119],[93.078711,22.718213],[93.1625,22.907959],[93.150977,22.997314],[93.16416,23.032031],[93.203906,23.037012],[93.253516,23.015479],[93.308008,23.030371],[93.349414,23.084961],[93.391309,23.33916],[93.414941,23.68208],[93.372559,23.77417],[93.307324,24.021875],[93.32627,24.064209],[93.355566,24.074121],[93.452148,23.987402],[93.49375,23.972852],[93.683398,24.006543],[94.074805,23.87207],[94.127637,23.876465],[94.293066,24.321875],[94.399414,24.514062],[94.584082,24.767236],[94.707617,25.04873],[94.703711,25.097852],[94.675293,25.138574],[94.566504,25.191504],[94.553027,25.215723],[94.579883,25.319824],[94.667773,25.458887],[94.78584,25.519336],[94.945703,25.700244],[94.991992,25.770459],[95.015234,25.912939],[95.132422,26.04126],[95.068945,26.191113],[95.050879,26.347266],[95.059766,26.473975],[95.128711,26.597266],[95.463867,26.756055],[95.905273,27.046631],[96.061426,27.21709],[96.19082,27.261279],[96.665723,27.339258],[96.731641,27.331494],[96.797852,27.296191],[96.880273,27.177832],[96.953418,27.133301],[97.038086,27.102051],[97.102051,27.11543],[97.103711,27.16333],[96.901953,27.4396],[96.876855,27.586719],[96.899707,27.643848],[96.962793,27.698291],[97.226074,27.890039],[97.306152,27.90708],[97.335156,27.937744],[97.33916,28.030859],[97.302734,28.085986],[97.322461,28.217969],[97.537891,28.510205],[97.658887,28.5],[97.769043,28.356152],[97.887598,28.356494],[98.098926,28.142285],[98.130469,27.967578],[98.298828,27.550098],[98.350488,27.538086],[98.408887,27.639453],[98.452539,27.657227],[98.651172,27.572461],[98.676758,27.421924],[98.674805,27.190625],[98.716504,27.044922],[98.739355,26.698145],[98.709473,26.429688],[98.671875,26.298535],[98.685547,26.189355],[98.663184,26.139453],[98.571973,26.114062],[98.564063,26.072412],[98.654688,25.917773],[98.65625,25.863574],[98.625391,25.826709],[98.558398,25.823242],[98.465527,25.788867],[98.333789,25.586768],[98.296582,25.568848],[98.172559,25.594531],[98.142871,25.571094],[98.099609,25.415723],[98.010742,25.292529],[97.917969,25.236133],[97.819531,25.251855],[97.714941,25.034326],[97.710742,24.970361],[97.737891,24.869873],[97.723828,24.841992],[97.583301,24.774805],[97.529395,24.631201],[97.531445,24.491699],[97.563281,24.443848],[97.623633,24.422949],[97.666602,24.37998],[97.670703,24.312744],[97.708203,24.22876],[97.690625,24.130811],[97.568262,23.988477],[97.564551,23.911035],[97.629687,23.887158],[97.686035,23.898096],[98.016895,24.06543],[98.2125,24.110645],[98.499414,24.115674],[98.56416,24.098828],[98.583398,24.069824],[98.835059,24.121191],[98.833984,24.090576],[98.701563,23.964062],[98.676758,23.905078],[98.680859,23.841797],[98.787695,23.737842],[98.832227,23.624365],[98.797852,23.52041],[98.882617,23.380322],[98.86377,23.19126],[99.055078,23.130566],[99.34082,23.095898],[99.418066,23.069238],[99.464551,23.04624],[99.507129,22.959131],[99.385156,22.825098],[99.338281,22.688672],[99.337695,22.498047],[99.243066,22.370361],[99.205371,22.282568],[99.172363,22.19248],[99.192969,22.125977],[99.303125,22.100635],[99.388672,22.110791],[99.592676,22.08916],[99.917676,22.028027],[99.947852,21.98833],[99.925586,21.820801],[99.940723,21.75874],[99.978223,21.701611],[100.095508,21.660645],[100.105762,21.617041],[100.089258,21.55791],[100.116797,21.511182],[100.147656,21.480518],[100.214746,21.462988],[100.350586,21.501025],[100.531348,21.458105],[100.60459,21.471777],[100.677148,21.504932],[100.835156,21.655176],[101.079785,21.755859],[101.130859,21.735547],[101.147266,21.581641],[101.080371,21.468652],[100.927539,21.366211],[100.819531,21.314209],[100.756641,21.312646],[100.703125,21.251367],[100.613672,21.059326],[100.566602,21.038184],[100.536133,20.992383],[100.522266,20.921924],[100.549316,20.884229],[100.617676,20.879248],[100.622949,20.85957],[100.565137,20.825098],[100.407422,20.823242],[100.326074,20.795703],[100.249316,20.730273],[100.183887,20.589111],[100.122461,20.31665]]],[[[98.209766,10.952734],[98.293457,10.779687],[98.271484,10.739893],[98.251758,10.744434],[98.218164,10.837744],[98.155371,10.897949],[98.080469,10.886621],[98.167285,10.980322],[98.209766,10.952734]]],[[[98.182617,9.933447],[98.134375,9.875391],[98.118066,9.877881],[98.140234,9.974658],[98.220703,10.045215],[98.291699,10.051318],[98.283398,10.007617],[98.23125,9.953955],[98.182617,9.933447]]],[[[98.22168,11.478223],[98.216211,11.455762],[98.187305,11.472412],[98.201074,11.567187],[98.299609,11.783008],[98.30752,11.7229],[98.283789,11.594092],[98.263281,11.523633],[98.22168,11.478223]]],[[[98.516016,11.905029],[98.474316,11.899414],[98.454492,12.061279],[98.466211,12.084277],[98.525293,12.005176],[98.60957,11.956641],[98.516016,11.905029]]],[[[98.553809,11.744873],[98.528418,11.538672],[98.434766,11.56709],[98.376465,11.791504],[98.523535,11.804932],[98.553809,11.744873]]],[[[98.413965,12.597949],[98.436426,12.570508],[98.468262,12.571338],[98.459473,12.47373],[98.380859,12.353662],[98.313867,12.335986],[98.331445,12.511426],[98.302539,12.611572],[98.312109,12.678174],[98.396484,12.647119],[98.413965,12.597949]]],[[[98.136719,12.150439],[98.075391,12.164453],[98.037305,12.232471],[98.071387,12.291797],[98.122461,12.278711],[98.136719,12.150439]]],[[[94.476758,15.945947],[94.411914,15.848389],[94.387891,15.994141],[94.49375,16.075342],[94.60127,16.205518],[94.618652,16.141309],[94.566113,16.019287],[94.476758,15.945947]]],[[[97.575,16.253223],[97.537207,16.240137],[97.480371,16.305713],[97.469141,16.461035],[97.541992,16.505078],[97.579004,16.486035],[97.599609,16.429541],[97.575,16.253223]]],[[[93.69082,18.684277],[93.674023,18.675684],[93.569922,18.75957],[93.4875,18.867529],[93.618262,18.888818],[93.744727,18.865527],[93.718359,18.715723],[93.69082,18.684277]]],[[[93.491797,19.892578],[93.513281,19.754785],[93.444629,19.806445],[93.412891,19.950342],[93.491797,19.892578]]],[[[93.714844,19.558252],[93.829492,19.475293],[93.874707,19.481055],[93.945703,19.428613],[93.933984,19.36543],[93.901953,19.332031],[93.815234,19.298682],[93.755859,19.325684],[93.732324,19.416309],[93.662207,19.458936],[93.644043,19.495068],[93.714844,19.558252]]],[[[98.541699,10.961523],[98.477441,10.979736],[98.526563,11.086963],[98.541699,10.961523]]],[[[98.075488,11.692383],[98.083594,11.636816],[98.021094,11.695898],[98.010352,11.860254],[98.080762,11.733203],[98.075488,11.692383]]],[[[98.066113,12.389795],[98.060352,12.353516],[98.002344,12.279004],[97.938672,12.346094],[97.990234,12.393799],[98.066113,12.389795]]],[[[98.31543,13.099072],[98.30918,12.934717],[98.259277,13.014014],[98.265332,13.202246],[98.31543,13.099072]]],[[[94.804883,15.819336],[94.784375,15.793848],[94.733496,15.823047],[94.828027,15.933008],[94.838184,15.89209],[94.804883,15.819336]]],[[[93.010156,19.923926],[93.023242,19.828857],[92.975195,19.868018],[92.912695,19.999805],[92.914648,20.086475],[92.95957,20.046191],[93.010156,19.923926]]]]}},{"type":"Feature","properties":{"id":4},"geometry":{"type":"Polygon","coordinates":[[[102.127441,22.379199],[102.183008,22.284033],[102.442676,22.027148],[102.4875,21.957764],[102.58252,21.904297],[102.662012,21.676025],[102.695312,21.662109],[102.738574,21.67793],[102.815918,21.807373],[102.845215,21.734766],[102.917676,21.712939],[102.949609,21.681348],[102.948633,21.569775],[102.8875,21.439941],[102.851172,21.265918],[103.104492,20.89165],[103.210742,20.840625],[103.463574,20.779834],[103.635059,20.69707],[103.714453,20.716943],[103.790527,20.809521],[103.882031,20.861426],[104.052051,20.941211],[104.101367,20.945508],[104.195312,20.913965],[104.349609,20.821094],[104.583203,20.64668],[104.575195,20.600244],[104.532715,20.554883],[104.407813,20.485742],[104.367773,20.441406],[104.618848,20.374512],[104.656445,20.328516],[104.676953,20.224707],[104.69873,20.205322],[104.812695,20.216846],[104.847852,20.202441],[104.888672,20.169092],[104.929199,20.082813],[104.92793,20.018115],[104.815137,19.904004],[104.801758,19.836133],[104.743164,19.754736],[104.587891,19.61875],[104.546289,19.610547],[104.259863,19.685498],[104.032031,19.675146],[104.013477,19.646484],[104.051562,19.56416],[104.062891,19.482568],[104.027539,19.420459],[103.896387,19.33999],[103.891602,19.30498],[103.918359,19.268506],[104.108594,19.195557],[104.716504,18.803418],[104.993164,18.72832],[105.146484,18.650977],[105.087012,18.49624],[105.08584,18.450098],[105.114551,18.405273],[105.163281,18.338721],[105.333496,18.189648],[105.458203,18.154297],[105.588477,17.983691],[105.627246,17.834424],[105.691406,17.737842],[106.00625,17.415283],[106.269531,17.216797],[106.425977,17.002539],[106.502246,16.954102],[106.525977,16.876611],[106.546191,16.650732],[106.656445,16.492627],[106.696094,16.458984],[106.739551,16.452539],[106.832422,16.52627],[106.851074,16.515625],[106.892773,16.396533],[106.930664,16.353125],[107.069727,16.279834],[107.217383,16.136328],[107.396387,16.043018],[107.410156,15.997852],[107.391992,15.95166],[107.188867,15.838623],[107.165918,15.80249],[107.279395,15.618701],[107.564258,15.391602],[107.653125,15.255225],[107.555273,15.057031],[107.496289,15.021436],[107.480371,14.979883],[107.524512,14.871826],[107.519434,14.705078],[107.465137,14.66499],[107.414746,14.562891],[107.379883,14.555322],[107.292676,14.592383],[107.109375,14.416699],[107.030176,14.425684],[106.938086,14.327344],[106.819922,14.314697],[106.563672,14.505078],[106.501465,14.578223],[106.446973,14.515039],[106.35498,14.454785],[106.225391,14.476221],[106.190723,14.388135],[106.165234,14.372363],[105.978906,14.343018],[106.004102,14.262891],[106.09668,14.1271],[106.124707,14.049121],[106.066797,13.921191],[105.904492,13.924512],[105.831445,13.976611],[105.739746,14.084961],[105.531543,14.156152],[105.392676,14.10708],[105.350195,14.10957],[105.245703,14.200537],[105.207031,14.259375],[105.183301,14.34624],[105.422656,14.471631],[105.475586,14.530127],[105.497363,14.590674],[105.54668,14.932471],[105.533398,15.041602],[105.49043,15.127588],[105.49043,15.256592],[105.513184,15.360889],[105.57373,15.413232],[105.615625,15.488281],[105.641016,15.656543],[105.62207,15.699951],[105.398926,15.829883],[105.373242,15.889697],[105.375586,15.942188],[105.40625,15.987451],[105.330664,16.037891],[105.14873,16.093555],[105.047168,16.160254],[105.025781,16.237988],[104.949902,16.339941],[104.819336,16.466064],[104.750586,16.647559],[104.743555,16.884375],[104.758984,17.077148],[104.816016,17.300293],[104.739648,17.46167],[104.655859,17.546729],[104.539258,17.609277],[104.428125,17.698975],[104.196191,17.988379],[104.04873,18.216699],[103.949609,18.318994],[103.898828,18.295313],[103.792285,18.316504],[103.487988,18.418164],[103.288281,18.408398],[103.251758,18.373486],[103.248926,18.338965],[103.27959,18.30498],[103.263184,18.278467],[103.148535,18.221729],[103.091211,18.138232],[103.051367,18.028516],[102.991406,17.98623],[102.807422,17.945557],[102.717578,17.892236],[102.660645,17.817969],[102.616797,17.83335],[102.596094,17.869629],[102.598242,17.926758],[102.552539,17.965088],[102.458789,17.984619],[102.148242,18.203857],[102.101465,18.210645],[101.947461,18.081494],[101.875488,18.046436],[101.818652,18.064648],[101.774805,18.033398],[101.744141,17.952686],[101.6875,17.889404],[101.413672,17.71875],[101.16748,17.499023],[101.105176,17.479541],[100.955859,17.541113],[100.908496,17.583887],[101.113281,18.033545],[101.143945,18.142627],[101.1375,18.286865],[101.050586,18.407031],[101.046973,18.441992],[101.165527,18.618311],[101.286328,18.977148],[101.279883,19.088916],[101.197559,19.32793],[101.220801,19.486621],[101.211914,19.54834],[101.154688,19.579199],[100.966504,19.610791],[100.858203,19.585059],[100.743945,19.514746],[100.625488,19.499854],[100.513574,19.553467],[100.420117,19.644482],[100.397656,19.756104],[100.514551,19.996338],[100.539941,20.132373],[100.519531,20.17793],[100.431543,20.240723],[100.373145,20.340381],[100.317969,20.385889],[100.266016,20.377295],[100.218066,20.3396],[100.139746,20.24541],[100.114941,20.257666],[100.183887,20.589111],[100.249316,20.730273],[100.326074,20.795703],[100.407422,20.823242],[100.565137,20.825098],[100.622949,20.85957],[100.617676,20.879248],[100.549316,20.884229],[100.522266,20.921924],[100.536133,20.992383],[100.566602,21.038184],[100.613672,21.059326],[100.703125,21.251367],[100.756641,21.312646],[100.819531,21.314209],[100.927539,21.366211],[101.080371,21.468652],[101.138867,21.56748],[101.19668,21.52207],[101.175391,21.40752],[101.219922,21.342432],[101.211816,21.278223],[101.247852,21.197314],[101.281445,21.184131],[101.443555,21.230811],[101.542383,21.234277],[101.704785,21.150146],[101.800586,21.212598],[101.802051,21.235986],[101.722949,21.314941],[101.747266,21.605762],[101.736523,21.826514],[101.60293,21.989697],[101.524512,22.253662],[101.619922,22.327441],[101.671484,22.462305],[101.73877,22.495264],[101.841797,22.388477],[101.94541,22.439404],[102.024414,22.439209],[102.127441,22.379199]]]}},{"type":"Feature","properties":{"id":5},"geometry":{"type":"MultiPolygon","coordinates":[[[[103.045117,11.285059],[103.010547,11.275781],[102.993359,11.29043],[103.00752,11.383301],[103.036816,11.389941],[103.045117,11.285059]]],[[[103.317773,10.718506],[103.28125,10.679688],[103.223437,10.781982],[103.317773,10.718506]]],[[[107.519434,14.705078],[107.535254,14.649951],[107.493164,14.545752],[107.448438,14.451221],[107.364453,14.368701],[107.331445,14.126611],[107.362109,14.019482],[107.389453,13.993018],[107.593945,13.52168],[107.605469,13.437793],[107.475391,13.030371],[107.481543,12.933105],[107.543555,12.705908],[107.555469,12.53999],[107.538086,12.431787],[107.506445,12.364551],[107.393359,12.260498],[107.330078,12.319043],[107.212109,12.304004],[107.158984,12.277051],[106.930664,12.07749],[106.764648,12.052344],[106.700098,11.979297],[106.413867,11.948437],[106.4125,11.697803],[106.399219,11.687012],[106.339844,11.681836],[106.10293,11.75127],[106.006055,11.758008],[105.926562,11.65293],[105.851465,11.63501],[105.835352,11.559131],[105.854004,11.487061],[105.856055,11.294287],[105.891602,11.244824],[106.160937,11.037109],[106.167969,11.012305],[106.131543,10.921973],[106.163965,10.794922],[106.098828,10.797266],[105.938184,10.885156],[105.85332,10.863574],[105.755078,10.98999],[105.405762,10.951611],[105.314648,10.845166],[105.159473,10.897559],[105.045703,10.911377],[105.022266,10.886865],[105.061133,10.733789],[105.046387,10.70166],[104.850586,10.534473],[104.564258,10.515967],[104.466992,10.422363],[104.426367,10.41123],[104.262402,10.54126],[103.937109,10.586621],[103.901758,10.643945],[103.870508,10.655127],[103.840527,10.580566],[103.661914,10.508936],[103.587109,10.552197],[103.532227,10.604639],[103.54043,10.668701],[103.59209,10.721045],[103.680859,10.758594],[103.721875,10.890137],[103.654297,11.058691],[103.532422,11.14668],[103.466699,11.083984],[103.411328,10.976758],[103.353613,10.921582],[103.152832,10.913721],[103.106445,11.073779],[103.091113,11.211084],[103.125488,11.460645],[103.010547,11.588672],[103.004199,11.710596],[102.948633,11.773486],[102.933887,11.706689],[102.918066,11.73208],[102.736621,12.089795],[102.70625,12.255664],[102.755664,12.42627],[102.629687,12.569922],[102.499609,12.669971],[102.461719,13.015039],[102.362988,13.192969],[102.330762,13.288232],[102.319727,13.53999],[102.336328,13.560303],[102.546875,13.585693],[102.565527,13.626367],[102.544727,13.659961],[102.62041,13.716943],[102.728906,13.841895],[102.909277,14.136719],[103.031055,14.252539],[103.199414,14.332617],[103.546387,14.417432],[103.600391,14.421094],[103.818359,14.362158],[103.981836,14.35791],[104.227734,14.395508],[104.411621,14.36958],[104.779004,14.427832],[104.969727,14.366113],[104.982422,14.289453],[105.033691,14.227393],[105.074121,14.227441],[105.183301,14.34624],[105.207031,14.259375],[105.245703,14.200537],[105.350195,14.10957],[105.392676,14.10708],[105.531543,14.156152],[105.739746,14.084961],[105.831445,13.976611],[105.904492,13.924512],[106.066797,13.921191],[106.124707,14.049121],[106.09668,14.1271],[106.004102,14.262891],[105.978906,14.343018],[106.165234,14.372363],[106.190723,14.388135],[106.225391,14.476221],[106.35498,14.454785],[106.446973,14.515039],[106.501465,14.578223],[106.563672,14.505078],[106.738184,14.387744],[106.783496,14.335107],[106.819922,14.314697],[106.938086,14.327344],[107.030176,14.425684],[107.109375,14.416699],[107.292676,14.592383],[107.379883,14.555322],[107.414746,14.562891],[107.465137,14.66499],[107.519434,14.705078]]]]}},{"type":"Feature","properties":{"id":6},"geometry":{"type":"MultiPolygon","coordinates":[[[[100.119141,6.441992],[100.176758,6.671826],[100.261426,6.682715],[100.34541,6.549902],[100.629492,6.447998],[100.715625,6.480664],[100.754492,6.460059],[100.79375,6.426172],[100.816504,6.331641],[100.873926,6.24541],[100.98877,6.257666],[101.053516,6.242578],[101.086523,6.033691],[101.075586,5.956494],[100.992773,5.846191],[100.981641,5.771045],[101.113965,5.636768],[101.190625,5.66875],[101.257031,5.789355],[101.556055,5.907764],[101.678418,5.778809],[101.790723,5.779346],[101.873633,5.825293],[101.936133,5.979346],[102.055176,6.09668],[102.068359,6.184668],[102.101074,6.242236],[102.274023,6.203418],[102.340137,6.172021],[102.534375,5.862549],[102.790234,5.644922],[102.982422,5.524951],[103.09707,5.408447],[103.196973,5.262158],[103.41582,4.850293],[103.453906,4.669482],[103.46875,4.393262],[103.420508,3.976855],[103.362012,3.769141],[103.37334,3.671094],[103.453516,3.520605],[103.429492,3.378564],[103.44502,3.260596],[103.439453,2.933105],[103.537305,2.774756],[103.812207,2.580469],[103.832324,2.508496],[103.967773,2.26123],[104.218555,1.722852],[104.288477,1.480664],[104.280371,1.415576],[104.250098,1.388574],[104.176367,1.364893],[104.114941,1.412256],[104.076172,1.529785],[103.981445,1.623633],[103.991504,1.454785],[103.915137,1.44668],[103.816797,1.476562],[103.694531,1.449658],[103.549805,1.332812],[103.480273,1.329492],[103.4,1.497852],[103.356836,1.546143],[102.896875,1.792334],[102.727148,1.855566],[102.548242,2.042383],[102.145605,2.248486],[101.889941,2.449414],[101.78125,2.573584],[101.519727,2.683643],[101.406836,2.813477],[101.295508,2.885205],[101.354297,3.011133],[101.299902,3.253271],[101.11543,3.472021],[101.024805,3.624707],[100.85127,3.776709],[100.71543,3.966211],[100.795508,4.023389],[100.661035,4.225732],[100.614551,4.373437],[100.614551,4.652246],[100.473437,5.044287],[100.352637,5.587695],[100.374023,5.777979],[100.343262,5.98418],[100.263281,6.18252],[100.158398,6.324219],[100.119141,6.441992]]],[[[117.574414,4.170605],[117.450879,4.192871],[117.277539,4.299316],[117.100586,4.337061],[116.697852,4.35498],[116.589063,4.338428],[116.514746,4.370801],[116.414551,4.308203],[116.320312,4.353711],[116.23623,4.362549],[116.134473,4.355176],[116.021582,4.290674],[115.896191,4.348682],[115.860742,4.348047],[115.782422,4.25376],[115.678809,4.193018],[115.568457,3.93877],[115.544531,3.633691],[115.566113,3.445752],[115.514258,3.342383],[115.493164,3.128125],[115.454395,3.034326],[115.310156,2.993945],[115.246973,3.025928],[115.117578,2.894873],[115.086328,2.841113],[115.080762,2.634229],[115.180859,2.566895],[115.179102,2.523193],[114.969141,2.35083],[114.786426,2.250488],[114.758691,2.162402],[114.787988,2.051611],[114.830566,1.980029],[114.8,1.893945],[114.703516,1.850781],[114.632227,1.617041],[114.545898,1.467139],[114.5125,1.452002],[114.387109,1.500049],[114.274707,1.470898],[113.902344,1.434277],[113.760352,1.311377],[113.622266,1.235937],[113.513184,1.308398],[113.458203,1.302148],[113.068652,1.431787],[113.006543,1.433887],[112.988281,1.457129],[112.988281,1.547559],[112.942969,1.566992],[112.476172,1.559082],[112.250684,1.479639],[112.185742,1.439062],[112.167383,1.338184],[112.078516,1.143359],[111.923145,1.113281],[111.808984,1.01167],[111.769727,0.999463],[111.607422,1.022607],[111.54668,0.994336],[111.483203,0.995752],[111.286719,1.043213],[111.101367,1.050537],[110.938086,1.017334],[110.614746,0.878125],[110.505762,0.861963],[110.315234,0.995996],[109.735742,1.522949],[109.654004,1.614893],[109.63584,1.77666],[109.570801,1.806299],[109.548926,1.84834],[109.538965,1.896191],[109.628906,2.027539],[109.719629,1.857812],[109.864844,1.764453],[109.98457,1.717627],[110.114062,1.698584],[110.245898,1.694727],[110.349219,1.719727],[110.675195,1.548047],[110.782031,1.52085],[110.894922,1.532471],[111.098437,1.400879],[111.145215,1.386963],[111.223242,1.39585],[111.058008,1.48667],[111.028711,1.557812],[111.046582,1.633643],[111.154199,1.73877],[111.17002,1.902295],[111.250879,2.063867],[111.268164,2.139746],[111.208887,2.197656],[111.195508,2.297168],[111.208594,2.379639],[111.242188,2.435742],[111.351367,2.364453],[111.443848,2.381543],[111.443262,2.634326],[111.5125,2.743018],[111.623242,2.817969],[111.727734,2.853809],[112.118848,2.914697],[112.737305,3.070459],[112.920508,3.130713],[113.044727,3.205225],[113.446094,3.740576],[113.712109,4.001416],[113.923926,4.243213],[113.987793,4.420703],[113.984277,4.545801],[114.0125,4.575244],[114.063867,4.592676],[114.168848,4.526953],[114.224121,4.477881],[114.287598,4.354736],[114.289648,4.304199],[114.322949,4.262793],[114.416602,4.255859],[114.571777,4.049072],[114.608301,4.023975],[114.654102,4.037646],[114.776172,4.168799],[114.810449,4.266504],[114.783496,4.280762],[114.840234,4.393213],[114.790137,4.463916],[114.74668,4.718066],[115.026758,4.899707],[115.026758,4.691357],[115.107031,4.39043],[115.24668,4.347217],[115.319238,4.365283],[115.326758,4.380762],[115.279297,4.456348],[115.266699,4.633984],[115.22793,4.750586],[115.140039,4.899756],[115.374902,4.932764],[115.554492,5.093555],[115.582031,5.194141],[115.466895,5.254102],[115.42168,5.330518],[115.419043,5.413184],[115.603906,5.603418],[115.624512,5.548877],[115.74082,5.533008],[115.796875,5.536133],[115.877148,5.613525],[115.918457,5.724951],[116.059766,5.882373],[116.138379,6.129541],[116.494727,6.52168],[116.749805,6.9771],[116.776172,6.990234],[116.833008,6.952051],[116.849805,6.826709],[116.788086,6.606104],[116.913281,6.659668],[117.128516,6.968896],[117.252441,6.919238],[117.245313,6.833398],[117.294043,6.676904],[117.380371,6.612256],[117.609668,6.512646],[117.645703,6.473682],[117.69375,6.35],[117.695605,6.272314],[117.615918,6.196533],[117.649805,6.073584],[117.644531,6.001855],[117.617188,5.940723],[117.501172,5.884668],[117.817676,5.94043],[117.895801,5.972266],[118.003809,6.05332],[118.061719,5.983447],[118.11582,5.8625],[117.934766,5.7875],[117.928027,5.769189],[117.973633,5.70625],[118.144629,5.754199],[118.249121,5.820557],[118.353125,5.806055],[118.51416,5.728906],[118.563086,5.684521],[118.594824,5.59209],[118.713672,5.558545],[118.957324,5.429004],[119.05,5.415234],[119.178418,5.430908],[119.223437,5.412646],[119.255566,5.365918],[119.266309,5.308105],[119.249707,5.19873],[119.132227,5.100488],[118.67207,4.964062],[118.551367,4.968115],[118.381836,5.018506],[118.260547,4.988867],[118.185352,4.828516],[118.324219,4.668701],[118.5625,4.502148],[118.595117,4.460645],[118.586328,4.409668],[118.54834,4.379248],[118.228711,4.316016],[118.008203,4.250244],[117.895605,4.262939],[117.696484,4.342822],[117.649805,4.304492],[117.574414,4.170605]]],[[[104.221582,2.731738],[104.146875,2.728223],[104.129102,2.767236],[104.184766,2.871729],[104.223242,2.774219],[104.221582,2.731738]]],[[[100.288965,5.294727],[100.26377,5.266992],[100.191016,5.282861],[100.203906,5.446875],[100.245508,5.467773],[100.338867,5.410059],[100.288965,5.294727]]],[[[99.848047,6.465723],[99.918652,6.358594],[99.86582,6.29707],[99.823242,6.312744],[99.782617,6.271582],[99.74375,6.263281],[99.704688,6.337549],[99.656641,6.367139],[99.646289,6.418359],[99.710547,6.427344],[99.749219,6.409619],[99.848047,6.465723]]],[[[117.141602,7.168213],[117.080664,7.115283],[117.060156,7.178857],[117.064258,7.260693],[117.146875,7.337012],[117.264063,7.35166],[117.280762,7.290625],[117.266797,7.220801],[117.239355,7.184766],[117.141602,7.168213]]],[[[101.318555,2.988477],[101.268066,2.97041],[101.274219,3.032812],[101.31123,3.067383],[101.328418,3.047607],[101.318555,2.988477]]],[[[111.389258,2.415332],[111.358691,2.402197],[111.311523,2.437598],[111.300391,2.741162],[111.333496,2.768311],[111.355078,2.764453],[111.37832,2.709326],[111.389258,2.415332]]],[[[117.884766,4.186133],[117.649023,4.168994],[117.662109,4.250195],[117.708008,4.262402],[117.884766,4.186133]]]]}},{"type":"Feature","properties":{"id":7},"geometry":{"type":"Polygon","coordinates":[[[103.969727,1.331445],[103.819922,1.265381],[103.650195,1.325537],[103.705273,1.423437],[103.817969,1.44707],[103.996387,1.365234],[103.969727,1.331445]]]}},{"type":"Feature","properties":{"id":8},"geometry":{"type":"MultiPolygon","coordinates":[[[[97.481543,1.465088],[97.69834,1.18374],[97.786426,1.145898],[97.931934,0.973926],[97.902051,0.884229],[97.876465,0.62832],[97.82041,0.564453],[97.683984,0.596094],[97.68252,0.641064],[97.603906,0.833887],[97.46123,0.941406],[97.405371,0.946973],[97.296875,1.187354],[97.079199,1.425488],[97.244238,1.423633],[97.324414,1.481641],[97.355957,1.539746],[97.481543,1.465088]]],[[[99.163867,-1.77793],[99.071777,-1.783496],[98.874316,-1.663672],[98.827734,-1.609961],[98.816309,-1.538281],[98.626953,-1.261328],[98.601758,-1.197852],[98.676074,-0.970508],[98.869043,-0.915625],[98.932617,-0.954004],[98.954785,-1.05625],[99.128906,-1.38418],[99.130664,-1.442383],[99.267285,-1.627734],[99.271484,-1.738477],[99.163867,-1.77793]]],[[[116.64082,-8.613867],[116.514258,-8.820996],[116.586523,-8.886133],[116.377246,-8.929004],[116.289844,-8.906152],[116.239355,-8.912109],[115.874609,-8.825586],[115.857324,-8.787891],[115.869336,-8.742773],[116.031641,-8.765234],[116.076465,-8.744922],[116.061133,-8.437402],[116.219824,-8.295215],[116.304297,-8.237988],[116.401563,-8.204199],[116.646973,-8.282715],[116.718945,-8.336035],[116.734082,-8.386914],[116.64082,-8.613867]]],[[[115.447852,-8.155176],[115.549414,-8.208301],[115.690918,-8.363574],[115.704297,-8.407129],[115.559961,-8.51416],[115.333789,-8.615723],[115.220215,-8.819531],[115.144922,-8.849023],[115.091504,-8.829395],[115.139746,-8.768945],[115.141602,-8.696875],[115.055078,-8.573047],[114.84209,-8.428516],[114.613184,-8.37832],[114.501758,-8.26084],[114.467578,-8.166309],[114.475293,-8.119434],[114.504297,-8.116602],[114.833008,-8.182617],[114.938477,-8.187109],[114.998145,-8.174414],[115.154004,-8.065723],[115.447852,-8.155176]]],[[[106.045703,-1.669434],[106.161719,-1.866992],[106.208789,-2.188672],[106.365918,-2.464844],[106.818457,-2.57334],[106.706641,-2.658008],[106.612012,-2.895508],[106.667188,-3.071777],[106.546777,-3.055566],[106.250098,-2.894043],[105.99873,-2.824902],[105.937207,-2.743555],[105.908008,-2.643262],[105.939063,-2.493457],[105.862402,-2.41543],[105.806836,-2.307422],[105.78584,-2.181348],[105.705273,-2.132617],[105.552734,-2.079004],[105.342871,-2.125098],[105.133398,-2.042578],[105.137695,-1.972656],[105.191016,-1.916895],[105.316211,-1.860547],[105.374805,-1.813184],[105.386523,-1.750781],[105.364258,-1.705078],[105.373145,-1.657324],[105.45957,-1.574707],[105.585449,-1.526758],[105.700879,-1.731055],[105.754492,-1.658691],[105.72041,-1.533887],[105.816113,-1.506055],[105.910059,-1.50498],[105.980957,-1.53916],[106.027344,-1.593164],[106.045703,-1.669434]]],[[[123.179785,-4.551172],[123.195703,-4.822656],[123.119238,-4.723438],[123.055176,-4.748242],[122.986523,-4.963086],[122.97168,-5.138477],[122.981055,-5.185742],[123.051465,-5.156445],[123.149902,-5.224023],[123.201953,-5.27334],[123.187305,-5.333008],[123.120703,-5.393164],[123.043359,-5.419336],[122.985742,-5.393555],[122.96875,-5.405762],[122.908789,-5.477441],[122.916211,-5.519336],[122.850195,-5.637988],[122.812109,-5.671289],[122.733105,-5.634961],[122.684375,-5.666211],[122.64502,-5.663379],[122.584961,-5.544629],[122.586426,-5.488867],[122.642188,-5.42627],[122.642578,-5.381152],[122.670117,-5.330859],[122.766504,-5.210156],[122.849414,-4.83125],[122.85332,-4.618359],[122.946875,-4.442676],[123.074609,-4.386914],[123.068945,-4.433594],[123.179785,-4.551172]]],[[[122.645117,-5.269434],[122.619336,-5.33584],[122.563867,-5.3875],[122.473633,-5.380664],[122.391992,-5.335449],[122.371289,-5.383105],[122.307031,-5.380957],[122.283105,-5.319531],[122.329004,-5.137695],[122.396289,-5.069824],[122.390039,-4.998535],[122.334473,-4.846582],[122.368945,-4.767188],[122.701953,-4.618652],[122.739746,-4.675],[122.759863,-4.933887],[122.614062,-5.138672],[122.645117,-5.269434]]],[[[108.316016,3.689648],[108.17959,3.653076],[108.100391,3.704541],[108.236133,3.78457],[108.243262,3.810352],[108.088477,3.8521],[108.044531,3.888965],[108.002344,3.982861],[108.003516,4.042578],[108.201953,4.200488],[108.24834,4.217139],[108.255566,4.151758],[108.392871,3.986182],[108.393555,3.836182],[108.316016,3.689648]]],[[[108.207227,-2.997656],[108.191797,-3.103027],[108.167285,-3.142773],[108.055273,-3.226855],[107.977148,-3.221777],[107.941113,-3.129297],[107.858203,-3.086328],[107.836621,-3.09668],[107.821777,-3.160742],[107.614453,-3.209375],[107.636719,-3.124805],[107.594922,-3.058398],[107.583887,-2.940723],[107.563477,-2.920117],[107.604883,-2.863086],[107.598145,-2.799707],[107.641602,-2.731543],[107.666309,-2.566309],[107.837793,-2.530273],[107.874707,-2.559668],[108.074414,-2.596973],[108.215137,-2.696973],[108.290625,-2.82998],[108.207227,-2.997656]]],[[[135.383008,-0.651367],[135.673242,-0.688281],[135.749023,-0.73252],[135.841211,-0.711621],[135.893555,-0.725781],[136.06875,-0.877734],[136.154688,-0.97832],[136.282617,-1.064648],[136.375293,-1.094043],[136.305371,-1.173145],[136.164746,-1.214746],[136.110352,-1.216797],[136.002539,-1.169727],[135.915039,-1.178418],[135.83877,-1.119434],[135.825586,-1.02832],[135.74707,-0.823047],[135.645703,-0.881934],[135.523828,-0.787305],[135.491113,-0.785059],[135.483398,-0.801074],[135.431641,-0.768848],[135.387695,-0.704883],[135.383008,-0.651367]]],[[[135.474219,-1.591797],[135.869141,-1.641992],[136.201563,-1.65498],[136.389648,-1.721582],[136.718555,-1.733984],[136.816699,-1.753809],[136.892578,-1.799707],[136.621875,-1.873047],[136.46084,-1.89043],[136.326074,-1.872461],[136.228125,-1.893652],[136.192578,-1.85918],[135.865723,-1.752148],[135.487598,-1.668359],[135.474219,-1.591797]]],[[[130.813281,-0.004102],[130.986523,-0.046582],[131.025781,-0.039941],[131.276855,-0.149805],[131.316895,-0.204297],[131.302734,-0.241113],[131.339746,-0.290332],[131.25752,-0.365723],[131.217871,-0.374121],[131.177734,-0.345996],[131.097754,-0.330078],[131.005371,-0.360742],[130.946484,-0.337598],[130.89668,-0.268457],[130.808398,-0.226465],[130.683496,-0.080664],[130.622168,-0.085938],[130.638281,-0.142969],[130.691309,-0.180566],[130.761328,-0.291406],[130.843164,-0.29834],[130.899219,-0.344434],[130.896289,-0.416016],[130.750195,-0.443848],[130.699805,-0.391602],[130.688672,-0.296582],[130.550781,-0.366406],[130.496289,-0.267383],[130.340527,-0.262305],[130.236621,-0.209668],[130.287695,-0.154688],[130.294922,-0.101465],[130.3625,-0.072852],[130.430957,-0.098486],[130.499609,-0.060107],[130.54834,-0.069922],[130.584277,-0.04541],[130.813281,-0.004102]]],[[[128.453906,2.051758],[128.295898,2.034717],[128.259961,2.08252],[128.217969,2.297461],[128.330371,2.469336],[128.47207,2.570508],[128.602148,2.597607],[128.688477,2.473682],[128.623242,2.224414],[128.547559,2.09707],[128.453906,2.051758]]],[[[128.153027,-1.660547],[128.06123,-1.712402],[127.91377,-1.685156],[127.741016,-1.69082],[127.561621,-1.728516],[127.457617,-1.69668],[127.392188,-1.644824],[127.39502,-1.589844],[127.456738,-1.453711],[127.591797,-1.350781],[127.64668,-1.332422],[127.905078,-1.439063],[128.14873,-1.603711],[128.153027,-1.660547]]],[[[126.055078,-2.45127],[126.037891,-2.469434],[125.97793,-2.41543],[125.862891,-2.077148],[125.922754,-1.974805],[125.962793,-1.975781],[125.992676,-2.011816],[125.975977,-2.168066],[126.065723,-2.36582],[126.055078,-2.45127]]],[[[126.024219,-1.789746],[126.331738,-1.822852],[126.288086,-1.858887],[125.956445,-1.916602],[125.838867,-1.906152],[125.479199,-1.940039],[125.432617,-1.938086],[125.425977,-1.882227],[125.387207,-1.843066],[125.444727,-1.808984],[125.520898,-1.800879],[125.720313,-1.81377],[126.024219,-1.789746]]],[[[124.969531,-1.705469],[125.062988,-1.741016],[125.095898,-1.74082],[125.145801,-1.692578],[125.187891,-1.712891],[125.197656,-1.780273],[125.258203,-1.770898],[125.320215,-1.810059],[125.314063,-1.877148],[125.134766,-1.888965],[125.006738,-1.943066],[124.834473,-1.894434],[124.63916,-1.978223],[124.520605,-2.006934],[124.417773,-2.005176],[124.329688,-1.858887],[124.380859,-1.6875],[124.417578,-1.659277],[124.663965,-1.635938],[124.969531,-1.705469]]],[[[131.325586,-7.999512],[131.11377,-7.997363],[131.123438,-7.921875],[131.086816,-7.865039],[131.136816,-7.781738],[131.137793,-7.684863],[131.190039,-7.671875],[131.260059,-7.470508],[131.296875,-7.438086],[131.349219,-7.425391],[131.482617,-7.250684],[131.535254,-7.220605],[131.530859,-7.165137],[131.560742,-7.135742],[131.643457,-7.112793],[131.700781,-7.140234],[131.736133,-7.19707],[131.643848,-7.266895],[131.691113,-7.438867],[131.624414,-7.626172],[131.580273,-7.682227],[131.498438,-7.730664],[131.377051,-7.869141],[131.325586,-7.999512]]],[[[126.800977,-7.667871],[126.812695,-7.737891],[126.692871,-7.753516],[126.577344,-7.807617],[126.47207,-7.950391],[126.040039,-7.88584],[125.798242,-7.98457],[125.808398,-7.880664],[125.843164,-7.816699],[125.975293,-7.663379],[126.085352,-7.697363],[126.213672,-7.706738],[126.359375,-7.676758],[126.462891,-7.607813],[126.60957,-7.571777],[126.726367,-7.662207],[126.800977,-7.667871]]],[[[124.575586,-8.14082],[124.599609,-8.201758],[124.752246,-8.15957],[125.050293,-8.17959],[125.124609,-8.204785],[125.131738,-8.326465],[125.096777,-8.352832],[124.444238,-8.444629],[124.380664,-8.415137],[124.355566,-8.385938],[124.425977,-8.295801],[124.393555,-8.253027],[124.430664,-8.183203],[124.508594,-8.135449],[124.575586,-8.14082]]],[[[131.001855,-1.315527],[130.966602,-1.343457],[130.845117,-1.317285],[130.782324,-1.255469],[130.712109,-1.104395],[130.672949,-0.959766],[130.897168,-0.890039],[130.939453,-0.915332],[131.033008,-0.917578],[131.073926,-0.968262],[131.046191,-1.188184],[131.001855,-1.315527]]],[[[96.492578,5.229346],[96.615234,5.220215],[96.842676,5.274463],[96.967773,5.269141],[97.19043,5.207324],[97.451172,5.236035],[97.547168,5.205859],[97.706738,5.040137],[97.908398,4.87998],[97.966602,4.77749],[97.999805,4.662256],[98.248438,4.414551],[98.27334,4.322314],[98.241211,4.194531],[98.307324,4.092871],[98.658691,3.928125],[98.705762,3.834766],[98.77793,3.759424],[99.151172,3.58125],[99.521484,3.311182],[99.732324,3.183057],[99.906641,2.988184],[100.127246,2.647607],[100.307227,2.466602],[100.523828,2.18916],[100.603613,2.136963],[100.685254,2.120068],[100.816797,1.989258],[100.887891,1.948242],[100.87666,2.050586],[100.816895,2.140186],[100.828223,2.242578],[100.877051,2.283301],[100.935938,2.294727],[101.046191,2.257471],[101.225195,2.102246],[101.300781,2.011816],[101.405078,1.757422],[101.47666,1.693066],[101.684277,1.66123],[101.784766,1.621387],[102.019922,1.442139],[102.098047,1.35791],[102.157227,1.258887],[102.239062,0.990332],[102.389941,0.841992],[102.469238,0.779297],[102.566406,0.748828],[102.849414,0.715479],[102.949316,0.664209],[103.031836,0.578906],[103.066504,0.491992],[103.00752,0.415332],[102.786328,0.297754],[102.55,0.216455],[102.77959,0.244482],[102.895898,0.278613],[103.276563,0.494531],[103.338965,0.513721],[103.478906,0.480176],[103.672656,0.288916],[103.742773,0.174414],[103.786719,0.046973],[103.706445,-0.01958],[103.589453,-0.06875],[103.428516,-0.191797],[103.411621,-0.24043],[103.444434,-0.27168],[103.405176,-0.362207],[103.49541,-0.418066],[103.50918,-0.465527],[103.431152,-0.533594],[103.438574,-0.575586],[103.532715,-0.754688],[103.721094,-0.886719],[103.940039,-0.979102],[104.198535,-1.054297],[104.360547,-1.038379],[104.425684,-1.250684],[104.47832,-1.600098],[104.518555,-1.69873],[104.515918,-1.819434],[104.56875,-1.921777],[104.791016,-2.04082],[104.845215,-2.092969],[104.826074,-2.23418],[104.668457,-2.385547],[104.647266,-2.429883],[104.630566,-2.543359],[104.650781,-2.595215],[104.69834,-2.598145],[104.878418,-2.418848],[104.970801,-2.370898],[105.286523,-2.35625],[105.396973,-2.380176],[105.582031,-2.491992],[105.899121,-2.887793],[106.044336,-3.10625],[106.058398,-3.217188],[105.901465,-3.410059],[105.84375,-3.613672],[105.851562,-3.730566],[105.930469,-3.833008],[105.831445,-4.162891],[105.886523,-4.553906],[105.887207,-5.00957],[105.816113,-5.676563],[105.74834,-5.818262],[105.618555,-5.799609],[105.522656,-5.672754],[105.349414,-5.549512],[105.081348,-5.745508],[104.639551,-5.52041],[104.618164,-5.641504],[104.683984,-5.892676],[104.601562,-5.90459],[104.369531,-5.690723],[104.242969,-5.538867],[104.066797,-5.385938],[103.831445,-5.07959],[103.332129,-4.765234],[103.138672,-4.596191],[102.918945,-4.470703],[102.537695,-4.152148],[102.371973,-3.969238],[102.127539,-3.599219],[101.817871,-3.378027],[101.578613,-3.166992],[101.366211,-2.808496],[101.305664,-2.728711],[101.118555,-2.587793],[100.889551,-2.248535],[100.848047,-2.143945],[100.855273,-1.93418],[100.486523,-1.299121],[100.393945,-1.10127],[100.308203,-0.82666],[100.087891,-0.55293],[99.860059,-0.31377],[99.669824,0.045068],[99.597656,0.102441],[99.33457,0.208594],[99.236426,0.267773],[99.15918,0.351758],[99.111719,0.458936],[99.05957,0.686377],[98.796387,1.494629],[98.702539,1.701953],[98.595313,1.8646],[98.564258,1.902148],[98.086523,2.195068],[98.005078,2.238184],[97.79502,2.282861],[97.700781,2.358545],[97.59082,2.846582],[97.391309,2.975293],[96.968945,3.575146],[96.893945,3.653711],[96.800977,3.708545],[96.525391,3.766602],[96.444727,3.816309],[96.230078,4.072754],[95.987988,4.263281],[95.578613,4.661963],[95.431934,4.865039],[95.206641,5.284033],[95.24707,5.410791],[95.227832,5.564795],[95.396094,5.628809],[95.628906,5.609082],[95.737305,5.579297],[95.841309,5.514502],[96.027344,5.351172],[96.133301,5.294287],[96.492578,5.229346]]],[[[122.78291,-8.611719],[122.641504,-8.647266],[122.470215,-8.725488],[122.094141,-8.744727],[121.838672,-8.860352],[121.651367,-8.89873],[121.58457,-8.820605],[121.414648,-8.814844],[121.32832,-8.916895],[121.19082,-8.895508],[121.035254,-8.935449],[120.780957,-8.848828],[120.550488,-8.801855],[120.319531,-8.820312],[120.120898,-8.776953],[119.909375,-8.857617],[119.80791,-8.697656],[119.818164,-8.570508],[119.874805,-8.419824],[119.918262,-8.445117],[119.96377,-8.435547],[120.099219,-8.377539],[120.231152,-8.289844],[120.354102,-8.257812],[120.424902,-8.248926],[120.485547,-8.266113],[120.610254,-8.24043],[120.751367,-8.321484],[120.886133,-8.32666],[121.008691,-8.365527],[121.27666,-8.47793],[121.371973,-8.550879],[121.444531,-8.577832],[121.547949,-8.575293],[121.610352,-8.526172],[121.862891,-8.493945],[121.966504,-8.455176],[122.06709,-8.49668],[122.263086,-8.624902],[122.323242,-8.62832],[122.433496,-8.600781],[122.555859,-8.431543],[122.850488,-8.304395],[122.919141,-8.221875],[122.758594,-8.185938],[122.792383,-8.126563],[122.845703,-8.093262],[122.916992,-8.105566],[122.97832,-8.151953],[123.005957,-8.329102],[122.811133,-8.481152],[122.846777,-8.562207],[122.78291,-8.611719]]],[[[120.0125,-9.374707],[120.057617,-9.419727],[120.221094,-9.506348],[120.291113,-9.647852],[120.443652,-9.645605],[120.555566,-9.719043],[120.700391,-9.903125],[120.784473,-9.957031],[120.832617,-10.0375],[120.804199,-10.108496],[120.698047,-10.206641],[120.561719,-10.235645],[120.43916,-10.294043],[120.394531,-10.263477],[120.255469,-10.242285],[120.144824,-10.200098],[120.051953,-10.122852],[119.930664,-9.966504],[119.812793,-9.91748],[119.601074,-9.773535],[119.470313,-9.760547],[119.362598,-9.771777],[119.085449,-9.706934],[119.008398,-9.620508],[118.958789,-9.519336],[119.031445,-9.440234],[119.185645,-9.384473],[119.295898,-9.367188],[119.614746,-9.352441],[119.795117,-9.380469],[119.94209,-9.301465],[120.0125,-9.374707]]],[[[118.242383,-8.317773],[118.292383,-8.357227],[118.337891,-8.353516],[118.490625,-8.271484],[118.611914,-8.280664],[118.670605,-8.323438],[118.713867,-8.414941],[118.74834,-8.331152],[118.845703,-8.293066],[118.926172,-8.297656],[118.987793,-8.337695],[119.043848,-8.456738],[119.04209,-8.560938],[119.129687,-8.668164],[119.078906,-8.730469],[119.00625,-8.749609],[118.90332,-8.702734],[118.745898,-8.735449],[118.75625,-8.773633],[118.836719,-8.808887],[118.832617,-8.833398],[118.72793,-8.805273],[118.478613,-8.856445],[118.426953,-8.855469],[118.397852,-8.813379],[118.399902,-8.703711],[118.378906,-8.674609],[118.189941,-8.840527],[118.070703,-8.850586],[117.86123,-8.931445],[117.731641,-8.919922],[117.50791,-9.00752],[117.387891,-9.031934],[117.210254,-9.034082],[117.16123,-9.069238],[117.061328,-9.099023],[116.788477,-9.006348],[116.767969,-8.955469],[116.77207,-8.894336],[116.806934,-8.810938],[116.783105,-8.664648],[116.835059,-8.532422],[116.953125,-8.503418],[117.164844,-8.367188],[117.356641,-8.428516],[117.56709,-8.426367],[117.621777,-8.45957],[117.643359,-8.535547],[117.712109,-8.582617],[117.806055,-8.711133],[117.893164,-8.704395],[117.969531,-8.728027],[118.104102,-8.650293],[118.205957,-8.652148],[118.234863,-8.591895],[118.100488,-8.475195],[117.979102,-8.458887],[117.814844,-8.34209],[117.738379,-8.20459],[117.755273,-8.149512],[117.920996,-8.089063],[118.11748,-8.122266],[118.150684,-8.15],[118.242383,-8.317773]]],[[[124.888867,0.995312],[124.698145,0.825586],[124.589063,0.655273],[124.427539,0.470605],[124.216797,0.380371],[124.101367,0.374561],[123.753809,0.305518],[123.525977,0.300342],[123.26543,0.326611],[123.08252,0.48584],[122.996875,0.493506],[122.280762,0.481055],[121.841992,0.436572],[121.515723,0.498437],[121.012988,0.441699],[120.90918,0.446777],[120.700391,0.514697],[120.579004,0.52832],[120.459961,0.510303],[120.349023,0.449219],[120.192285,0.268506],[120.127344,0.166553],[120.07832,0.039746],[120.013281,-0.196191],[120.012109,-0.307129],[120.062891,-0.555566],[120.097461,-0.649902],[120.240625,-0.868262],[120.269824,-0.899219],[120.425391,-0.960645],[120.517578,-1.039453],[120.667383,-1.370117],[120.796973,-1.363672],[121.033691,-1.406543],[121.148535,-1.339453],[121.276855,-1.118164],[121.431348,-0.938574],[121.519336,-0.855566],[121.575586,-0.828516],[121.632715,-0.840332],[121.737695,-0.925684],[121.853125,-0.945996],[121.969629,-0.933301],[122.093652,-0.875],[122.174902,-0.79375],[122.27998,-0.757031],[122.658789,-0.769824],[122.88877,-0.755176],[122.885547,-0.72207],[122.829492,-0.658887],[123.171484,-0.570703],[123.281445,-0.591504],[123.379687,-0.648535],[123.43418,-0.778223],[123.37793,-1.004102],[123.299609,-1.026074],[123.225781,-1.001758],[123.152734,-0.907031],[123.049414,-0.872363],[122.902832,-0.900977],[122.807422,-0.966016],[122.506641,-1.347852],[122.250684,-1.555273],[121.858594,-1.693262],[121.779883,-1.766992],[121.71875,-1.862793],[121.650977,-1.89541],[121.572656,-1.905762],[121.394727,-1.833789],[121.355469,-1.878223],[121.348828,-1.945996],[121.501953,-2.04502],[121.575,-2.150879],[121.769727,-2.240918],[121.848242,-2.331543],[121.971875,-2.542383],[122.013965,-2.656445],[122.082617,-2.749512],[122.291699,-2.907617],[122.306543,-3.051563],[122.38125,-3.142383],[122.399023,-3.200879],[122.317285,-3.275098],[122.312793,-3.382715],[122.262695,-3.527441],[122.25293,-3.62041],[122.329102,-3.694238],[122.43457,-3.739844],[122.529199,-3.852637],[122.578613,-3.882324],[122.609961,-3.923438],[122.606738,-3.984668],[122.689648,-4.084473],[122.750391,-4.1],[122.798242,-4.054199],[122.847949,-4.064551],[122.877344,-4.109082],[122.899805,-4.229395],[122.897363,-4.349121],[122.872266,-4.391992],[122.817578,-4.389941],[122.719727,-4.340723],[122.72168,-4.410742],[122.471387,-4.42207],[122.207129,-4.496387],[122.114258,-4.540234],[122.054199,-4.620117],[122.073242,-4.791699],[122.038086,-4.832422],[121.916992,-4.847949],[121.748047,-4.816699],[121.588672,-4.75957],[121.514355,-4.68125],[121.486523,-4.581055],[121.541211,-4.28291],[121.611523,-4.156348],[121.618066,-4.092676],[121.537402,-4.014844],[121.41582,-3.984277],[121.312695,-3.919434],[120.891797,-3.520605],[120.906934,-3.404004],[121.054297,-3.16709],[121.070312,-3.010156],[121.052148,-2.75166],[120.990137,-2.670313],[120.879395,-2.645605],[120.765039,-2.641602],[120.653613,-2.667578],[120.341406,-2.869629],[120.261035,-2.949316],[120.254102,-3.052832],[120.360449,-3.246875],[120.392383,-3.348145],[120.436621,-3.707324],[120.435156,-3.747852],[120.383008,-3.852344],[120.3625,-4.085742],[120.38457,-4.415137],[120.420117,-4.617383],[120.40498,-4.727246],[120.310156,-4.963184],[120.279297,-5.146094],[120.390918,-5.392578],[120.430371,-5.591016],[120.311621,-5.541602],[119.951563,-5.577637],[119.818457,-5.661816],[119.717285,-5.693359],[119.557422,-5.611035],[119.376172,-5.424805],[119.360352,-5.31416],[119.519531,-4.877344],[119.515527,-4.741895],[119.594043,-4.523145],[119.623633,-4.034375],[119.480078,-3.729785],[119.494531,-3.554102],[119.46748,-3.512988],[119.362109,-3.458984],[118.994629,-3.537598],[118.922168,-3.482715],[118.867676,-3.398047],[118.8125,-3.156641],[118.821875,-3.040625],[118.858105,-2.928516],[118.783691,-2.764746],[118.783301,-2.720801],[118.808984,-2.682324],[118.958203,-2.597461],[119.092188,-2.48291],[119.135352,-2.382324],[119.138184,-2.258496],[119.172266,-2.140039],[119.321875,-1.929688],[119.348242,-1.825293],[119.308301,-1.659668],[119.324121,-1.584277],[119.308984,-1.408203],[119.35918,-1.243457],[119.508203,-0.906738],[119.711328,-0.680762],[119.844336,-0.861914],[119.845215,-0.773242],[119.77168,-0.483594],[119.721875,-0.088477],[119.73584,-0.051025],[119.786523,-0.056982],[119.838281,-0.022119],[119.865625,0.040088],[119.809277,0.238672],[119.913281,0.445068],[120.035156,0.566602],[120.056445,0.692529],[120.229785,0.86123],[120.269531,0.970801],[120.322461,0.983154],[120.366504,0.887549],[120.416016,0.848682],[120.516602,0.817529],[120.602539,0.854395],[120.658887,0.943652],[120.754883,1.035645],[120.867969,1.252832],[120.96543,1.311816],[121.081738,1.327637],[121.208398,1.2625],[121.404102,1.243604],[121.513281,1.104736],[121.591797,1.067969],[121.867383,1.088525],[122.108203,1.031152],[122.436621,1.018066],[122.657422,0.940576],[122.838281,0.845703],[122.89248,0.85],[122.960059,0.922998],[123.066504,0.941797],[123.278125,0.928076],[123.84668,0.838184],[123.930762,0.850439],[124.273633,1.022266],[124.41084,1.185107],[124.533691,1.230469],[124.600195,1.392432],[124.787695,1.467578],[124.94707,1.672168],[124.989258,1.701025],[125.110938,1.685693],[125.164844,1.643652],[125.233789,1.502295],[125.11748,1.378906],[125.028027,1.180225],[124.888867,0.995312]]],[[[107.373926,-6.007617],[107.474707,-6.121777],[107.562988,-6.182715],[107.666797,-6.21582],[107.883789,-6.233301],[108.008789,-6.276953],[108.137598,-6.29668],[108.254492,-6.266602],[108.330176,-6.286035],[108.515918,-6.471191],[108.603613,-6.729199],[108.677832,-6.790527],[109.018359,-6.817285],[109.294238,-6.866992],[109.403711,-6.860156],[109.500586,-6.810156],[109.820996,-6.902441],[109.93623,-6.91582],[110.198438,-6.895117],[110.321094,-6.938379],[110.42627,-6.947266],[110.520898,-6.897266],[110.583594,-6.805664],[110.700781,-6.518066],[110.736914,-6.472363],[110.834766,-6.424219],[110.972266,-6.435645],[111.181543,-6.686719],[111.34209,-6.699512],[111.540332,-6.648242],[111.643555,-6.69873],[111.737598,-6.773438],[111.989844,-6.805957],[112.087305,-6.893359],[112.433594,-6.903027],[112.539258,-6.926465],[112.64873,-7.221289],[112.751953,-7.265039],[112.794336,-7.304492],[112.794531,-7.552441],[113.013574,-7.657715],[113.248438,-7.718164],[113.497656,-7.723828],[113.747461,-7.703027],[114.070703,-7.633008],[114.409277,-7.79248],[114.444238,-7.895605],[114.443262,-8.00459],[114.384961,-8.263281],[114.386914,-8.405176],[114.481738,-8.603809],[114.59502,-8.684766],[114.583789,-8.769629],[114.383203,-8.705371],[114.339258,-8.647363],[114.276953,-8.614648],[114.159668,-8.626465],[113.940332,-8.568359],[113.25332,-8.286719],[113.018945,-8.312695],[112.897754,-8.361426],[112.678809,-8.40918],[112.115137,-8.323926],[111.509961,-8.305078],[111.338574,-8.261719],[110.830176,-8.201953],[110.607227,-8.149414],[110.038672,-7.890527],[109.852637,-7.828418],[109.281641,-7.704883],[108.986719,-7.704102],[108.85625,-7.667871],[108.741211,-7.66709],[108.570508,-7.707227],[108.451758,-7.796973],[108.220508,-7.782324],[107.91748,-7.724121],[107.695801,-7.635547],[107.546875,-7.541895],[107.284961,-7.47168],[106.631445,-7.415527],[106.455273,-7.368652],[106.411328,-7.311719],[106.416895,-7.239355],[106.519727,-7.053711],[106.198242,-6.927832],[105.834766,-6.845801],[105.600977,-6.860352],[105.361914,-6.826172],[105.255469,-6.835254],[105.243164,-6.778027],[105.273438,-6.729395],[105.370898,-6.664355],[105.387012,-6.750781],[105.459766,-6.786914],[105.483691,-6.781543],[105.580859,-6.670996],[105.655078,-6.469531],[105.706055,-6.497949],[105.786914,-6.456934],[105.868262,-6.116406],[105.936133,-6.016992],[106.075,-5.91416],[106.16582,-5.964746],[106.675879,-6.038379],[106.825195,-6.098242],[106.931641,-6.073438],[107.011621,-6.008496],[107.046289,-5.904199],[107.162109,-5.957129],[107.331836,-5.978125],[107.373926,-6.007617]]],[[[109.628906,2.027539],[109.538965,1.896191],[109.570801,1.806299],[109.63584,1.77666],[109.654004,1.614893],[110.04082,1.235742],[110.114746,1.190137],[110.315234,0.995996],[110.505762,0.861963],[110.614746,0.878125],[110.938086,1.017334],[111.101367,1.050537],[111.286719,1.043213],[111.483203,0.995752],[111.54668,0.994336],[111.607422,1.022607],[111.769727,0.999463],[111.808984,1.01167],[111.923145,1.113281],[112.078516,1.143359],[112.167383,1.338184],[112.185742,1.439062],[112.250684,1.479639],[112.476172,1.559082],[112.942969,1.566992],[112.988281,1.547559],[112.988281,1.457129],[113.006543,1.433887],[113.068652,1.431787],[113.458203,1.302148],[113.513184,1.308398],[113.622266,1.235937],[113.760352,1.311377],[113.902344,1.434277],[114.274707,1.470898],[114.387109,1.500049],[114.5125,1.452002],[114.545898,1.467139],[114.632227,1.617041],[114.703516,1.850781],[114.8,1.893945],[114.830566,1.980029],[114.787988,2.051611],[114.758691,2.162402],[114.786426,2.250488],[114.969141,2.35083],[115.179102,2.523193],[115.180859,2.566895],[115.080762,2.634229],[115.086328,2.841113],[115.117578,2.894873],[115.246973,3.025928],[115.310156,2.993945],[115.454395,3.034326],[115.493164,3.128125],[115.514258,3.342383],[115.566113,3.445752],[115.544531,3.633691],[115.568457,3.93877],[115.678809,4.193018],[115.782422,4.25376],[115.860742,4.348047],[115.896191,4.348682],[116.021582,4.290674],[116.134473,4.355176],[116.23623,4.362549],[116.320312,4.353711],[116.414551,4.308203],[116.514746,4.370801],[116.589063,4.338428],[116.697852,4.35498],[117.100586,4.337061],[117.277539,4.299316],[117.450879,4.192871],[117.574414,4.170605],[117.497461,4.133398],[117.465332,4.076074],[117.559375,3.98833],[117.566016,3.929932],[117.728223,3.796729],[117.777246,3.689258],[117.714453,3.644824],[117.629883,3.636328],[117.509668,3.730371],[117.494922,3.665576],[117.450391,3.628516],[117.171582,3.638965],[117.055957,3.622656],[117.166406,3.591992],[117.346289,3.426611],[117.384668,3.365381],[117.321875,3.243555],[117.352441,3.19375],[117.610645,3.064355],[117.612402,3.004883],[117.637891,2.95083],[117.569141,2.929297],[117.697656,2.887305],[117.638867,2.825293],[117.785937,2.746777],[117.804883,2.668945],[117.885742,2.541748],[118.03418,2.377637],[118.066602,2.317822],[118.066309,2.262744],[118.041602,2.21543],[117.957031,2.159961],[117.881055,2.060645],[117.789258,2.026855],[117.864648,1.968408],[117.928418,1.866797],[118.080371,1.701855],[118.47168,1.416455],[118.638965,1.318994],[118.852539,1.09585],[118.963477,1.044287],[118.984961,0.982129],[118.892383,0.886865],[118.757422,0.839209],[118.534766,0.813525],[118.196094,0.874365],[118.095508,0.92915],[118.016309,1.03916],[117.911621,1.098682],[117.977344,0.963818],[117.964258,0.889551],[117.923047,0.831348],[117.745117,0.729639],[117.55332,0.341016],[117.522168,0.235889],[117.46377,-0.200488],[117.462891,-0.32373],[117.548926,-0.554395],[117.573828,-0.727539],[117.5625,-0.770898],[117.240723,-0.925684],[117.146484,-1.008984],[117.003223,-1.187695],[116.913965,-1.223633],[116.849414,-1.218262],[116.79707,-1.183789],[116.739844,-1.044238],[116.728711,-1.150781],[116.770996,-1.266602],[116.753418,-1.327344],[116.715234,-1.375781],[116.554492,-1.473926],[116.545117,-1.553125],[116.517578,-1.598047],[116.332129,-1.7125],[116.275488,-1.784863],[116.424316,-1.784863],[116.451953,-1.923145],[116.423535,-2.052539],[116.313965,-2.139844],[116.418164,-2.186719],[116.528125,-2.20791],[116.56543,-2.299707],[116.529297,-2.510547],[116.450391,-2.538281],[116.352539,-2.521582],[116.316797,-2.551855],[116.307227,-2.60332],[116.375488,-2.578027],[116.37168,-2.706836],[116.330664,-2.902148],[116.288867,-2.958789],[116.225781,-2.976953],[116.166309,-2.93457],[116.154102,-2.983789],[116.172266,-3.025293],[116.257227,-3.126367],[116.16709,-3.183008],[116.15,-3.233203],[116.05752,-3.348242],[116.016699,-3.432813],[115.999414,-3.52334],[115.956152,-3.59502],[114.693555,-4.169727],[114.652539,-4.151855],[114.625293,-4.111719],[114.605957,-3.70332],[114.536133,-3.494434],[114.525586,-3.37666],[114.445996,-3.481836],[114.344336,-3.444434],[114.30459,-3.410059],[114.30166,-3.364746],[114.344336,-3.235156],[114.236328,-3.361133],[114.17793,-3.354395],[114.082227,-3.278906],[113.958789,-3.394336],[113.795801,-3.45625],[113.705078,-3.455273],[113.633594,-3.419922],[113.630078,-3.246094],[113.610059,-3.195703],[113.525977,-3.184082],[113.408984,-3.228906],[113.367188,-3.223633],[113.343164,-3.246484],[113.033984,-2.933496],[112.971484,-3.187109],[112.758008,-3.322168],[112.600293,-3.400488],[112.284961,-3.320996],[112.12666,-3.381445],[111.954883,-3.529688],[111.858105,-3.551855],[111.82207,-3.53252],[111.835938,-3.307715],[111.823047,-3.057227],[111.760156,-2.93916],[111.694727,-2.889453],[111.625488,-2.975488],[111.494922,-2.97334],[111.367578,-2.933691],[111.25918,-2.956445],[111.044336,-3.055762],[110.930078,-3.071094],[110.86875,-3.04873],[110.829688,-2.995117],[110.852051,-2.946191],[110.899316,-2.908594],[110.811133,-2.938477],[110.703125,-3.020898],[110.668164,-3.004785],[110.574023,-2.891406],[110.377539,-2.933789],[110.302539,-2.985352],[110.256055,-2.966113],[110.232617,-2.925098],[110.224316,-2.688672],[110.124414,-2.233887],[110.096582,-2.001367],[110.075,-1.946387],[109.959863,-1.862793],[109.96377,-1.742871],[110.023438,-1.642578],[110.036133,-1.525684],[109.983301,-1.274805],[109.938086,-1.181152],[109.787402,-1.011328],[109.681738,-0.944238],[109.453809,-0.86875],[109.333496,-0.875391],[109.258789,-0.807422],[109.270996,-0.732031],[109.311719,-0.680176],[109.366309,-0.667383],[109.372754,-0.638184],[109.257031,-0.577441],[109.160547,-0.494922],[109.121094,-0.390918],[109.121777,-0.265039],[109.194629,-0.009424],[109.25752,0.031152],[109.074805,0.252832],[108.944531,0.355664],[108.905859,0.793945],[108.916797,0.912646],[108.958594,1.134619],[109.030859,1.204492],[109.131543,1.253857],[109.010254,1.239648],[109.075879,1.495898],[109.273145,1.705469],[109.378516,1.922705],[109.628906,2.027539]]],[[[127.732715,0.848145],[127.805371,0.825928],[127.881055,0.832129],[127.918652,0.876807],[127.967285,1.042578],[128.055273,1.115625],[128.116992,1.127051],[128.160742,1.157812],[128.157422,1.316602],[128.222461,1.400635],[128.424121,1.517529],[128.539258,1.559229],[128.688379,1.572559],[128.705176,1.527734],[128.688086,1.463721],[128.716895,1.367285],[128.702637,1.106396],[128.514551,0.979248],[128.298828,0.876807],[128.257227,0.80498],[128.260645,0.733789],[128.397949,0.638818],[128.61123,0.549951],[128.655273,0.508252],[128.691602,0.360352],[128.743262,0.323242],[128.81543,0.305371],[128.899609,0.21626],[128.54043,0.337891],[128.446484,0.391553],[128.220605,0.414258],[128.106055,0.460889],[127.983105,0.471875],[127.924414,0.438086],[127.887402,0.29834],[127.914648,0.206299],[127.888965,0.049512],[127.977832,-0.24834],[128.089453,-0.485254],[128.253516,-0.731641],[128.425488,-0.892676],[128.278125,-0.87002],[128.233398,-0.787695],[128.046387,-0.706055],[127.888965,-0.423535],[127.691602,-0.241895],[127.674805,-0.162891],[127.685449,0.149023],[127.708691,0.288086],[127.616211,0.38291],[127.555371,0.489648],[127.537109,0.610889],[127.541797,0.680664],[127.600684,0.796045],[127.608008,0.848242],[127.52041,0.924023],[127.428516,1.13999],[127.420313,1.251953],[127.537109,1.46748],[127.534668,1.57207],[127.631738,1.843701],[127.899902,2.137354],[128.036426,2.199023],[128.03125,2.119873],[127.906738,1.945654],[127.886816,1.832959],[127.946484,1.789648],[128.010938,1.701221],[128.025879,1.458105],[128.011719,1.331738],[127.885352,1.162793],[127.652832,1.013867],[127.634375,0.936133],[127.732715,0.848145]]],[[[129.754688,-2.86582],[129.984375,-2.97666],[130.103418,-2.992969],[130.379102,-2.989355],[130.569922,-3.130859],[130.625586,-3.228027],[130.671094,-3.391504],[130.773438,-3.41875],[130.859961,-3.570312],[130.805078,-3.857715],[130.269727,-3.579297],[130.019531,-3.474707],[129.953125,-3.391602],[129.844141,-3.327148],[129.511719,-3.328516],[129.52168,-3.433691],[129.467676,-3.453223],[129.332813,-3.408691],[129.212109,-3.392676],[129.107617,-3.349219],[128.96748,-3.326074],[128.952051,-3.304199],[128.957813,-3.241113],[128.8625,-3.234961],[128.75127,-3.300488],[128.638965,-3.433398],[128.516602,-3.449121],[128.419238,-3.416016],[128.27998,-3.240527],[128.132031,-3.157422],[128.082129,-3.184082],[128.030078,-3.340527],[127.97002,-3.444336],[127.92041,-3.506055],[127.902344,-3.496289],[127.92793,-3.341406],[127.87793,-3.22207],[128.113379,-2.93457],[128.198535,-2.865918],[128.569824,-2.842188],[128.790527,-2.856641],[128.991113,-2.828516],[129.057715,-2.838477],[129.074316,-2.895117],[129.116309,-2.937012],[129.174414,-2.933496],[129.27959,-2.889063],[129.427344,-2.790723],[129.48418,-2.785742],[129.600488,-2.806152],[129.754688,-2.86582]]],[[[126.861133,-3.087891],[127.025488,-3.166016],[127.092383,-3.277539],[127.227344,-3.391016],[127.244238,-3.471094],[127.22959,-3.633008],[127.085059,-3.670898],[126.940918,-3.764551],[126.686328,-3.823633],[126.411133,-3.710645],[126.214551,-3.605176],[126.056543,-3.420996],[126.033984,-3.355859],[126.026465,-3.170508],[126.050098,-3.128125],[126.088281,-3.105469],[126.219629,-3.148145],[126.30625,-3.103223],[126.555078,-3.065234],[126.808301,-3.069141],[126.861133,-3.087891]]],[[[124.922266,-8.94248],[124.915039,-9.031543],[124.936816,-9.053418],[124.973242,-9.064258],[125.100391,-9.004004],[125.149023,-9.042578],[125.149414,-9.122949],[125.100488,-9.189844],[124.977539,-9.194922],[124.960156,-9.21377],[124.968262,-9.294238],[125.033594,-9.381836],[125.068164,-9.511914],[124.997949,-9.565332],[124.963086,-9.665625],[124.841797,-9.759766],[124.708398,-9.91416],[124.427539,-10.148633],[124.175977,-10.183301],[123.857617,-10.343555],[123.747266,-10.347168],[123.644141,-10.310938],[123.604785,-10.270117],[123.614062,-10.215039],[123.716406,-10.078613],[123.599414,-10.015137],[123.589258,-9.966797],[123.66582,-9.705273],[123.709375,-9.614844],[123.876758,-9.453125],[124.036328,-9.341602],[124.090137,-9.416406],[124.115527,-9.423145],[124.282324,-9.42793],[124.319336,-9.41377],[124.412988,-9.314355],[124.444434,-9.190332],[124.575488,-9.155371],[124.922266,-8.94248]]],[[[134.746973,-5.707031],[134.738379,-5.816797],[134.75498,-5.882715],[134.712207,-5.949707],[134.752148,-6.050098],[134.755859,-6.170605],[134.71416,-6.295117],[134.637598,-6.365332],[134.441113,-6.334863],[134.280469,-6.200781],[134.154883,-6.062891],[134.153125,-6.019531],[134.301953,-6.009766],[134.298633,-5.970703],[134.343066,-5.833008],[134.226172,-5.744434],[134.205371,-5.707227],[134.247266,-5.681934],[134.341309,-5.712891],[134.490332,-5.525098],[134.506445,-5.438477],[134.570801,-5.427344],[134.616504,-5.438574],[134.657813,-5.539258],[134.645508,-5.581348],[134.700781,-5.603027],[134.746973,-5.707031]]],[[[134.536816,-6.442285],[134.504297,-6.591406],[134.4125,-6.679688],[134.355957,-6.814844],[134.322754,-6.84873],[134.2,-6.908789],[134.09082,-6.833789],[134.05918,-6.769336],[134.107031,-6.471582],[134.184766,-6.479297],[134.194629,-6.459766],[134.124609,-6.426465],[134.114648,-6.19082],[134.168066,-6.17627],[134.415039,-6.386719],[134.536816,-6.442285]]],[[[138.535352,-8.273633],[138.296289,-8.405176],[137.871875,-8.379688],[137.687695,-8.411719],[137.650391,-8.386133],[137.685156,-8.262207],[137.83252,-7.932227],[138.00752,-7.641602],[138.081836,-7.566211],[138.295508,-7.438477],[138.543848,-7.37959],[138.769824,-7.39043],[138.962598,-7.587988],[138.989063,-7.696094],[138.785938,-8.059082],[138.535352,-8.273633]]],[[[140.973438,-2.609766],[140.975,-6.346094],[140.874609,-6.611523],[140.862305,-6.740039],[140.975195,-6.905371],[140.976172,-9.11875],[140.786523,-8.97373],[140.661523,-8.846777],[140.489746,-8.62041],[140.10166,-8.300586],[140.00293,-8.195508],[139.983301,-8.166504],[139.992578,-8.139355],[140.116992,-7.92373],[140.033789,-8.022754],[139.934766,-8.101172],[139.649414,-8.125391],[139.518555,-8.172754],[139.385645,-8.189063],[139.319141,-8.16582],[139.279102,-8.106934],[139.248828,-7.982422],[139.192969,-8.086133],[139.083203,-8.142871],[138.933496,-8.262402],[138.890625,-8.237793],[138.856152,-8.145117],[138.905469,-8.041211],[138.935938,-7.913086],[139.003027,-7.837598],[139.087988,-7.587207],[139.048926,-7.52832],[138.937891,-7.472461],[138.885547,-7.373242],[138.747949,-7.251465],[138.798438,-7.215723],[138.864844,-7.201367],[139.0625,-7.227148],[139.176855,-7.19043],[139.049023,-7.200586],[138.845703,-7.136328],[138.72002,-7.069824],[138.601367,-6.936523],[138.600195,-6.910742],[138.864551,-6.858398],[138.72666,-6.731152],[138.698145,-6.625684],[138.521582,-6.453809],[138.438672,-6.343359],[138.296289,-5.949023],[138.313867,-5.8875],[138.374609,-5.843652],[138.282813,-5.838574],[138.199609,-5.807031],[138.243555,-5.724414],[138.339648,-5.675684],[138.166504,-5.712012],[138.087109,-5.70918],[138.065918,-5.675977],[138.075586,-5.545801],[138.06084,-5.465234],[137.886816,-5.348828],[137.840332,-5.350488],[137.759082,-5.256152],[137.306641,-5.014355],[137.279785,-4.94541],[137.195898,-4.99043],[137.089258,-4.924414],[137.029688,-4.928711],[136.856836,-4.893164],[136.618848,-4.81875],[136.39375,-4.70127],[136.210645,-4.650684],[135.979688,-4.530859],[135.450195,-4.443066],[135.195605,-4.450684],[134.754199,-4.19541],[134.679688,-4.079102],[134.706543,-3.954785],[134.886523,-3.938477],[134.759766,-3.922168],[134.546875,-3.979297],[134.391016,-3.909961],[134.266211,-3.945801],[134.202344,-3.887012],[134.180469,-3.825098],[134.14707,-3.796777],[133.973828,-3.817969],[133.904004,-3.720117],[133.723047,-3.57793],[133.67832,-3.479492],[133.697168,-3.248145],[133.841504,-3.054785],[133.767383,-3.044336],[133.700391,-3.0875],[133.660742,-3.185547],[133.653125,-3.364355],[133.599414,-3.416113],[133.518164,-3.411914],[133.542285,-3.516406],[133.50918,-3.615527],[133.415137,-3.732129],[133.422266,-3.842578],[133.400879,-3.899023],[133.24873,-4.062305],[133.085156,-4.069043],[132.968555,-4.094922],[132.914453,-4.056934],[132.837109,-3.948926],[132.753906,-3.703613],[132.869727,-3.550977],[132.829785,-3.412988],[132.751367,-3.294629],[132.348242,-2.975098],[132.25498,-2.943457],[132.053906,-2.914551],[131.971191,-2.788574],[132.230664,-2.680371],[132.575488,-2.727148],[132.725,-2.789062],[132.897266,-2.658203],[133.033789,-2.487402],[133.191016,-2.437793],[133.411426,-2.513965],[133.608691,-2.547168],[133.651563,-2.600586],[133.700098,-2.624609],[133.710938,-2.544043],[133.75332,-2.450684],[133.877637,-2.415039],[133.904883,-2.390918],[133.898926,-2.304492],[133.791016,-2.293652],[133.902441,-2.183594],[133.921582,-2.102051],[133.710352,-2.18916],[133.487793,-2.225586],[133.224902,-2.214453],[132.962793,-2.272559],[132.631055,-2.24668],[132.502637,-2.218457],[132.307617,-2.242285],[132.207422,-2.175781],[132.023438,-1.990332],[131.936133,-1.714941],[131.930371,-1.559668],[131.731445,-1.541211],[131.29375,-1.393457],[131.24082,-1.429688],[131.117773,-1.455273],[130.995898,-1.424707],[131.046191,-1.284082],[131.151855,-1.218848],[131.19082,-1.16582],[131.254102,-1.006934],[131.257227,-0.855469],[131.461523,-0.781836],[131.804297,-0.703809],[131.890918,-0.657129],[132.128418,-0.454102],[132.39375,-0.355469],[132.625098,-0.358887],[132.856445,-0.417383],[133.077148,-0.511816],[133.268457,-0.635742],[133.472656,-0.726172],[133.974512,-0.744336],[134.111523,-0.846777],[134.071973,-1.001855],[134.247168,-1.310547],[134.25957,-1.362988],[134.216992,-1.529102],[134.14541,-1.620801],[134.105859,-1.720996],[134.14541,-1.96875],[134.155664,-2.195215],[134.194824,-2.309082],[134.459961,-2.832324],[134.491211,-2.714258],[134.483301,-2.583008],[134.517969,-2.535645],[134.566895,-2.510449],[134.627441,-2.536719],[134.702148,-2.933594],[134.769824,-2.944043],[134.843359,-2.90918],[134.852734,-3.107617],[134.886816,-3.209863],[135.037402,-3.333105],[135.251563,-3.368555],[135.371582,-3.374902],[135.486621,-3.345117],[135.627734,-3.186035],[135.85918,-2.995313],[136.012988,-2.734277],[136.243262,-2.583105],[136.302539,-2.425684],[136.389941,-2.27334],[136.843262,-2.197656],[137.07207,-2.105078],[137.171094,-2.025488],[137.175781,-1.973145],[137.125488,-1.88125],[137.123438,-1.840918],[137.380566,-1.685645],[137.80625,-1.483203],[137.911133,-1.483789],[138.110938,-1.615918],[138.649805,-1.791113],[138.811426,-1.917773],[139.148828,-2.038867],[139.789551,-2.348242],[140.15459,-2.35],[140.250977,-2.412012],[140.622559,-2.445801],[140.720508,-2.508105],[140.747461,-2.607129],[140.973438,-2.609766]]],[[[138.895117,-8.388672],[138.845508,-8.401758],[138.594238,-8.371484],[138.563379,-8.309082],[138.67666,-8.199219],[138.796191,-8.173633],[138.897656,-8.3375],[138.895117,-8.388672]]],[[[101.708105,2.078418],[101.762305,1.996533],[101.773535,1.943457],[101.734082,1.882568],[101.719434,1.78916],[101.602734,1.715723],[101.500781,1.733203],[101.467773,1.759375],[101.403418,1.901318],[101.409668,2.02168],[101.450293,2.067822],[101.544727,2.060742],[101.640723,2.126709],[101.708105,2.078418]]],[[[102.427148,0.990137],[102.380859,0.959766],[102.27959,1.075684],[102.23418,1.263965],[102.228613,1.347852],[102.256348,1.39707],[102.358594,1.345654],[102.442871,1.234229],[102.427148,0.990137]]],[[[102.491895,1.45918],[102.499414,1.330908],[102.274219,1.453125],[102.161328,1.46543],[102.078711,1.498584],[102.020898,1.558203],[102.024023,1.607959],[102.042188,1.625391],[102.469531,1.510059],[102.491895,1.45918]]],[[[103.027539,0.746631],[103.008789,0.708105],[102.971484,0.736523],[102.710547,0.784375],[102.49043,0.856641],[102.453906,0.889502],[102.506641,1.08877],[102.549219,1.130225],[102.726172,0.989209],[103.002441,0.859277],[103.027539,0.746631]]],[[[103.166406,0.870166],[103.137207,0.84165],[103.086719,0.848145],[102.886328,0.996777],[102.701855,1.053711],[102.725586,1.158838],[102.790137,1.165479],[102.999414,1.067773],[103.067578,1.014746],[103.166406,0.870166]]],[[[103.284473,0.541943],[103.139551,0.549072],[103.15332,0.643115],[103.187402,0.699756],[103.238184,0.698633],[103.295117,0.613965],[103.284473,0.541943]]],[[[103.450195,0.664453],[103.429688,0.650879],[103.344434,0.777881],[103.386133,0.86958],[103.497461,0.722705],[103.450195,0.664453]]],[[[104.024805,1.180566],[104.088086,1.137012],[104.139844,1.165576],[104.127344,1.092383],[104.066113,0.989551],[103.963574,1.013232],[103.932227,1.071387],[103.955371,1.137451],[103.999805,1.137256],[104.024805,1.180566]]],[[[104.585352,1.216113],[104.591016,1.141064],[104.648145,1.10459],[104.662891,1.049512],[104.652832,0.961035],[104.575195,0.831934],[104.504297,0.852637],[104.471191,0.913477],[104.481055,0.93252],[104.428613,0.956494],[104.462402,0.995557],[104.439258,1.050439],[104.251953,1.014893],[104.250195,1.102637],[104.361816,1.181494],[104.428418,1.196045],[104.500098,1.180225],[104.585352,1.216113]]],[[[104.778613,-0.175977],[104.80752,-0.19248],[104.843164,-0.140625],[105.005371,-0.282813],[104.950586,-0.284473],[104.914258,-0.32334],[104.702246,-0.208691],[104.566602,-0.245605],[104.44707,-0.18916],[104.49707,-0.126367],[104.542676,0.017725],[104.635645,-0.018457],[104.652734,-0.076025],[104.713477,-0.103027],[104.778613,-0.175977]]],[[[104.474219,-0.334668],[104.590137,-0.466602],[104.506543,-0.59668],[104.485352,-0.612891],[104.413867,-0.583691],[104.363184,-0.658594],[104.329785,-0.539062],[104.257129,-0.463281],[104.302344,-0.385742],[104.340723,-0.382617],[104.363574,-0.402832],[104.474219,-0.334668]]],[[[103.736523,-0.347949],[103.606348,-0.38291],[103.461328,-0.357617],[103.479004,-0.297461],[103.548926,-0.227539],[103.610938,-0.230566],[103.723926,-0.27666],[103.764258,-0.317773],[103.736523,-0.347949]]],[[[109.710254,-1.180664],[109.51084,-1.282813],[109.463672,-1.277539],[109.428125,-1.241211],[109.450293,-1.044141],[109.475977,-0.985352],[109.614648,-0.979102],[109.743359,-1.039355],[109.760547,-1.105176],[109.750781,-1.14502],[109.710254,-1.180664]]],[[[113.844531,-7.105371],[113.825586,-7.119922],[113.655859,-7.111719],[113.546387,-7.193359],[113.470703,-7.218457],[113.141895,-7.207617],[113.126953,-7.224121],[112.76377,-7.139648],[112.725879,-7.072754],[112.76875,-7.00127],[112.868066,-6.899902],[113.067383,-6.87998],[113.974707,-6.873047],[114.073633,-6.960156],[114.083008,-6.989355],[113.885352,-7.049023],[113.844531,-7.105371]]],[[[134.965332,-1.116016],[134.917383,-1.134277],[134.861719,-1.11416],[134.808887,-1.037598],[134.82793,-0.978809],[134.889258,-0.938477],[134.94082,-0.978906],[134.956738,-1.030566],[134.996289,-1.034082],[134.965332,-1.116016]]],[[[127.249902,-0.495313],[127.187305,-0.521191],[127.119141,-0.520508],[127.104395,-0.413867],[127.126465,-0.278613],[127.189648,-0.255762],[127.290039,-0.284375],[127.253027,-0.318652],[127.280566,-0.391016],[127.249902,-0.495313]]],[[[127.566992,-0.318945],[127.682422,-0.468359],[127.60498,-0.610156],[127.658594,-0.689453],[127.804297,-0.694434],[127.863281,-0.759863],[127.880176,-0.808691],[127.842285,-0.847754],[127.761133,-0.883691],[127.667578,-0.832031],[127.623828,-0.766016],[127.462695,-0.805957],[127.438281,-0.739063],[127.468652,-0.642969],[127.380566,-0.599609],[127.3,-0.500293],[127.29707,-0.460254],[127.329492,-0.390918],[127.325098,-0.33584],[127.371191,-0.331641],[127.455176,-0.406348],[127.527344,-0.306641],[127.566992,-0.318945]]],[[[132.92627,-5.902051],[132.84502,-5.987988],[132.92168,-5.785254],[132.937695,-5.682617],[133.008789,-5.621387],[133.114648,-5.310645],[133.138477,-5.317871],[133.172852,-5.348145],[133.119629,-5.575977],[132.971094,-5.73584],[132.92627,-5.902051]]],[[[132.807129,-5.850781],[132.746289,-5.94707],[132.681445,-5.912598],[132.667285,-5.856055],[132.681348,-5.738867],[132.630176,-5.607031],[132.697852,-5.608984],[132.737793,-5.661719],[132.804297,-5.788867],[132.807129,-5.850781]]],[[[128.275586,-3.674609],[128.249902,-3.711133],[128.191797,-3.735254],[128.143164,-3.732715],[128.158984,-3.697656],[128.146875,-3.677148],[128.11084,-3.686426],[127.978027,-3.770996],[127.934375,-3.743066],[127.925,-3.699316],[128.016211,-3.600879],[128.119141,-3.5875],[128.264355,-3.512305],[128.329102,-3.515918],[128.275586,-3.674609]]],[[[126.816602,4.033496],[126.77627,4.012598],[126.71123,4.020264],[126.704492,4.070996],[126.813574,4.258496],[126.767285,4.282568],[126.72207,4.344189],[126.720508,4.41582],[126.757324,4.5479],[126.8125,4.537207],[126.865137,4.479834],[126.921094,4.291016],[126.847656,4.17998],[126.816602,4.033496]]],[[[125.658105,3.436035],[125.633203,3.40542],[125.511523,3.461133],[125.517578,3.549609],[125.455273,3.68418],[125.468848,3.733252],[125.543457,3.67041],[125.658105,3.436035]]],[[[130.862207,-8.31875],[130.775195,-8.349902],[130.833398,-8.270801],[131.020117,-8.091309],[131.087402,-8.124512],[131.176367,-8.130762],[131.04375,-8.212012],[130.908105,-8.245703],[130.862207,-8.31875]]],[[[129.838867,-7.95459],[129.779785,-8.046484],[129.713477,-8.040723],[129.591895,-7.917383],[129.608984,-7.803418],[129.655469,-7.794824],[129.812988,-7.819727],[129.843555,-7.889355],[129.838867,-7.95459]]],[[[127.823438,-8.098828],[127.998438,-8.139063],[128.098828,-8.134863],[128.119238,-8.170703],[128.023535,-8.255371],[127.820898,-8.190234],[127.78623,-8.120313],[127.823438,-8.098828]]],[[[130.35332,-1.690527],[130.36543,-1.749805],[130.425,-1.80459],[130.404297,-1.889844],[130.380566,-1.902637],[130.418848,-1.971289],[130.372656,-1.991895],[130.338965,-1.981836],[130.248047,-2.047754],[130.133496,-2.063867],[130.093359,-2.02832],[129.886523,-1.986426],[129.737695,-1.866895],[129.993652,-1.758887],[130.105762,-1.730469],[130.199609,-1.732227],[130.35332,-1.690527]]],[[[102.367188,-5.478711],[102.285937,-5.483496],[102.110742,-5.322559],[102.153516,-5.28623],[102.198438,-5.288867],[102.371777,-5.366406],[102.405469,-5.404785],[102.367188,-5.478711]]],[[[100.425098,-3.18291],[100.465137,-3.328516],[100.346094,-3.229199],[100.332031,-3.113086],[100.204297,-2.986816],[100.179297,-2.820215],[100.198535,-2.785547],[100.245605,-2.783203],[100.45459,-3.001953],[100.464258,-3.116895],[100.433887,-3.141309],[100.425098,-3.18291]]],[[[100.204102,-2.741016],[100.132715,-2.821387],[100.014941,-2.819727],[99.991895,-2.769824],[99.996875,-2.649316],[99.968164,-2.609766],[99.987891,-2.525391],[100.011914,-2.510254],[100.201953,-2.679688],[100.204102,-2.741016]]],[[[99.843066,-2.343066],[99.847852,-2.369727],[99.607031,-2.25752],[99.537402,-2.161523],[99.572168,-2.025781],[99.62207,-2.016602],[99.686426,-2.063379],[99.734766,-2.177734],[99.843066,-2.343066]]],[[[98.459277,-0.530469],[98.399707,-0.576855],[98.309668,-0.531836],[98.354785,-0.379297],[98.408789,-0.308984],[98.427148,-0.226465],[98.322949,-0.000781],[98.374512,0.00708],[98.41543,-0.017529],[98.544141,-0.257617],[98.520117,-0.379688],[98.459277,-0.530469]]],[[[96.463672,2.36001],[96.400977,2.350684],[96.340625,2.37207],[96.29043,2.42959],[96.021973,2.595752],[95.938477,2.598437],[95.879785,2.640918],[95.808594,2.655615],[95.733008,2.766504],[95.717188,2.825977],[95.772168,2.85498],[95.80625,2.916016],[95.895801,2.889062],[95.997852,2.781396],[96.101562,2.741211],[96.17998,2.661328],[96.417285,2.515186],[96.463672,2.36001]]],[[[122.042969,-5.437988],[121.97959,-5.464746],[121.859375,-5.350293],[121.808496,-5.256152],[121.820703,-5.20293],[121.87373,-5.144629],[121.866309,-5.095996],[121.913672,-5.072266],[121.965723,-5.075586],[121.999902,-5.14082],[122.041016,-5.158789],[122.061816,-5.221289],[122.042969,-5.437988]]],[[[123.212305,-1.171289],[123.234277,-1.233691],[123.198047,-1.287695],[123.237793,-1.389355],[123.338574,-1.254004],[123.434766,-1.236816],[123.526855,-1.286035],[123.547266,-1.337402],[123.511914,-1.447363],[123.44873,-1.498828],[123.366992,-1.507129],[123.328613,-1.443066],[123.274902,-1.437207],[123.237402,-1.576953],[123.172949,-1.616016],[123.122949,-1.556055],[123.18291,-1.492773],[123.150391,-1.304492],[123.105176,-1.339844],[122.984375,-1.510645],[122.89043,-1.587207],[122.81084,-1.432129],[122.832227,-1.283008],[122.908008,-1.182227],[122.972461,-1.18916],[123.158301,-1.15752],[123.212305,-1.171289]]],[[[121.864355,-0.406836],[121.906836,-0.45127],[121.88125,-0.502637],[121.756055,-0.49082],[121.655273,-0.526172],[121.672363,-0.478809],[121.749316,-0.407031],[121.864355,-0.406836]]],[[[120.52832,-6.298438],[120.487305,-6.464844],[120.435547,-6.180176],[120.451563,-6.094922],[120.446484,-5.87627],[120.477344,-5.775293],[120.549219,-5.969238],[120.52832,-6.298438]]],[[[115.377051,-6.970801],[115.295801,-6.987793],[115.220313,-6.952539],[115.240527,-6.86123],[115.414453,-6.839746],[115.524219,-6.901855],[115.546094,-6.938672],[115.424121,-6.940625],[115.377051,-6.970801]]],[[[116.30332,-3.868164],[116.093359,-4.054102],[116.058789,-4.006934],[116.076953,-3.81748],[116.018359,-3.699902],[116.022461,-3.612402],[116.063574,-3.45791],[116.117383,-3.339551],[116.269727,-3.251074],[116.262109,-3.394824],[116.295117,-3.49502],[116.282031,-3.534766],[116.318652,-3.762988],[116.289258,-3.820898],[116.30332,-3.868164]]],[[[122.948926,-10.909277],[122.826172,-10.899121],[122.818457,-10.811035],[122.845703,-10.761816],[123.061426,-10.698438],[123.145801,-10.639941],[123.26543,-10.518164],[123.371094,-10.474902],[123.383105,-10.567578],[123.418164,-10.65127],[123.310742,-10.698438],[123.214844,-10.806152],[122.948926,-10.909277]]],[[[124.286621,-8.329492],[124.225781,-8.391309],[124.184375,-8.49873],[124.14668,-8.531445],[124.065723,-8.55166],[124.017285,-8.443848],[123.927734,-8.448926],[123.971484,-8.354102],[124.01377,-8.318652],[124.06875,-8.317773],[124.110547,-8.364258],[124.239551,-8.203418],[124.287109,-8.208691],[124.304492,-8.228809],[124.286621,-8.329492]]],[[[123.924805,-8.272461],[123.783887,-8.299609],[123.697852,-8.424414],[123.629199,-8.422461],[123.591602,-8.47793],[123.580176,-8.544922],[123.553027,-8.566797],[123.488672,-8.532324],[123.410742,-8.586621],[123.32998,-8.535645],[123.230078,-8.530664],[123.475879,-8.322266],[123.394922,-8.300586],[123.391211,-8.280469],[123.52998,-8.265234],[123.600586,-8.291309],[123.775977,-8.19043],[123.896094,-8.239258],[123.924805,-8.272461]]],[[[123.31748,-8.354785],[123.297266,-8.398633],[123.025,-8.395508],[123.032617,-8.337793],[123.133496,-8.253809],[123.21709,-8.235449],[123.336035,-8.269043],[123.31748,-8.354785]]],[[[134.716113,-6.549414],[134.66084,-6.558887],[134.633691,-6.477246],[134.679102,-6.456055],[134.728516,-6.505859],[134.716113,-6.549414]]],[[[103.423926,1.04834],[103.429688,0.993359],[103.363281,1.006836],[103.31543,1.071289],[103.37998,1.133643],[103.423926,1.04834]]],[[[103.828613,0.801025],[103.833984,0.772217],[103.742383,0.82998],[103.751953,0.891357],[103.806641,0.846338],[103.828613,0.801025]]],[[[104.239355,0.833984],[104.176758,0.804883],[104.098145,0.89624],[104.108301,0.933545],[104.122754,0.943994],[104.170508,0.896729],[104.227051,0.879883],[104.239355,0.833984]]],[[[104.689258,0.059521],[104.698145,0.034668],[104.603516,0.095215],[104.499219,0.23208],[104.543848,0.223291],[104.689258,0.059521]]],[[[106.285254,3.157129],[106.283691,3.088232],[106.214551,3.128564],[106.200977,3.204883],[106.22373,3.22959],[106.271191,3.216309],[106.285254,3.157129]]],[[[105.760352,2.863037],[105.718555,2.85918],[105.706152,2.888867],[105.692187,3.0625],[105.836719,2.976514],[105.809375,2.903955],[105.760352,2.863037]]],[[[108.8875,2.90542],[108.838867,2.853027],[108.786523,2.885645],[108.885742,2.998975],[108.8875,2.90542]]],[[[108.953125,-1.619629],[108.837891,-1.661621],[108.803711,-1.567773],[108.877246,-1.539844],[108.956836,-1.564063],[108.953125,-1.619629]]],[[[107.47334,-2.899512],[107.432813,-2.925293],[107.409277,-2.900586],[107.419336,-2.838086],[107.499707,-2.84502],[107.47334,-2.899512]]],[[[106.886426,-3.005273],[106.869727,-3.025293],[106.814258,-3.014453],[106.749219,-2.960449],[106.742871,-2.932813],[106.796875,-2.898926],[106.910645,-2.933984],[106.886426,-3.005273]]],[[[114.412598,-7.133496],[114.397656,-7.173145],[114.346875,-7.163281],[114.298828,-7.097559],[114.348926,-7.073438],[114.383594,-7.080664],[114.412598,-7.133496]]],[[[112.719434,-5.811035],[112.697949,-5.846484],[112.602148,-5.843652],[112.586035,-5.803613],[112.648535,-5.730859],[112.690039,-5.726172],[112.727344,-5.752734],[112.719434,-5.811035]]],[[[105.252832,-6.64043],[105.19043,-6.6625],[105.121387,-6.614941],[105.192285,-6.545605],[105.260547,-6.523926],[105.277441,-6.561426],[105.252832,-6.64043]]],[[[97.33418,2.075635],[97.32832,2.053271],[97.225098,2.158496],[97.108301,2.216895],[97.156641,2.232227],[97.291406,2.20083],[97.328711,2.148535],[97.33418,2.075635]]],[[[95.362109,5.812402],[95.342578,5.784131],[95.283203,5.798535],[95.217676,5.889502],[95.241992,5.907031],[95.35918,5.876758],[95.362109,5.812402]]],[[[123.597559,-1.704297],[123.528613,-1.71084],[123.48252,-1.681445],[123.486621,-1.534863],[123.528516,-1.502832],[123.548535,-1.508203],[123.616406,-1.627441],[123.597559,-1.704297]]],[[[123.242383,-4.112988],[123.144531,-4.233301],[123.076172,-4.227148],[122.994727,-4.148047],[122.969043,-4.02998],[123.024902,-3.980957],[123.211914,-3.997559],[123.246973,-4.040918],[123.242383,-4.112988]]],[[[123.848242,-1.955469],[123.866016,-1.995703],[123.803516,-1.994336],[123.777246,-1.918652],[123.783496,-1.87832],[123.848242,-1.955469]]],[[[123.152539,-1.816504],[123.078809,-1.898926],[123.070898,-1.854883],[123.106445,-1.786719],[123.1375,-1.772656],[123.152539,-1.816504]]],[[[119.464063,-8.741016],[119.385547,-8.736035],[119.40166,-8.64707],[119.378906,-8.586523],[119.419922,-8.539062],[119.446484,-8.429199],[119.481738,-8.472949],[119.546973,-8.482617],[119.557227,-8.518848],[119.536328,-8.589355],[119.444043,-8.671777],[119.464063,-8.741016]]],[[[119.073828,-8.238867],[119.02998,-8.240039],[119.020898,-8.199902],[119.036621,-8.157813],[119.097754,-8.13916],[119.134863,-8.19707],[119.073828,-8.238867]]],[[[115.609961,-8.769824],[115.581934,-8.804199],[115.480469,-8.71543],[115.561426,-8.669922],[115.613281,-8.713184],[115.609961,-8.769824]]],[[[117.649023,4.168994],[117.884766,4.186133],[117.922852,4.054297],[117.736816,4.004004],[117.625098,4.121484],[117.649023,4.168994]]],[[[117.658398,3.280518],[117.645801,3.247754],[117.560352,3.328223],[117.5375,3.386377],[117.547852,3.431982],[117.636719,3.436084],[117.680859,3.40752],[117.658398,3.280518]]],[[[124.05127,-5.97373],[124.04209,-6.021582],[123.972266,-5.939355],[123.975781,-5.880176],[124.022949,-5.902148],[124.05127,-5.97373]]],[[[123.626758,-5.271582],[123.622754,-5.373047],[123.582617,-5.367383],[123.550098,-5.331836],[123.542773,-5.271094],[123.560645,-5.249805],[123.626758,-5.271582]]],[[[120.774414,-7.118945],[120.64082,-7.11582],[120.633398,-7.018262],[120.781738,-7.063086],[120.774414,-7.118945]]],[[[117.556348,-8.367285],[117.49043,-8.34873],[117.505957,-8.307031],[117.482129,-8.239258],[117.490527,-8.183398],[117.546094,-8.151953],[117.665039,-8.148242],[117.669238,-8.189258],[117.556348,-8.367285]]],[[[116.424121,-3.464453],[116.387793,-3.636719],[116.326563,-3.539062],[116.426953,-3.399902],[116.424121,-3.464453]]],[[[127.372656,0.791309],[127.338379,0.758447],[127.306055,0.769434],[127.292773,0.84248],[127.319824,0.862012],[127.353809,0.847461],[127.372656,0.791309]]],[[[134.374219,-2.123535],[134.345215,-2.13877],[134.335059,-2.095215],[134.350781,-2.036914],[134.369531,-2.027637],[134.419043,-2.051758],[134.374219,-2.123535]]],[[[133.570801,-4.245898],[133.621875,-4.299316],[133.333008,-4.169629],[133.320898,-4.111035],[133.570801,-4.245898]]],[[[130.905273,-0.777441],[130.879785,-0.828418],[130.832422,-0.862891],[130.402441,-0.923926],[130.484277,-0.83252],[130.635449,-0.811621],[130.813477,-0.813867],[130.807031,-0.765039],[130.905273,-0.777441]]],[[[130.62666,-0.528711],[130.569141,-0.52998],[130.46543,-0.486523],[130.615918,-0.417285],[130.684277,-0.469141],[130.62666,-0.528711]]],[[[129.548926,-0.187012],[129.505664,-0.189844],[129.469238,-0.131445],[129.370117,-0.066406],[129.308789,0.04541],[129.541992,-0.139258],[129.548926,-0.187012]]],[[[127.453418,-0.005859],[127.448633,-0.036621],[127.396777,0.016602],[127.431348,0.142578],[127.453418,-0.005859]]],[[[127.419727,0.64209],[127.373633,0.634863],[127.362891,0.675146],[127.382617,0.743555],[127.442578,0.733447],[127.445898,0.683301],[127.419727,0.64209]]],[[[127.300391,-0.780957],[127.289062,-0.801563],[127.156445,-0.760938],[127.209082,-0.619336],[127.258203,-0.623438],[127.300391,-0.780957]]],[[[128.722461,-3.546875],[128.713281,-3.602539],[128.619531,-3.588574],[128.585156,-3.512207],[128.594922,-3.494824],[128.722461,-3.546875]]],[[[128.562598,-3.585449],[128.391602,-3.637891],[128.451563,-3.514746],[128.536328,-3.541309],[128.562598,-3.585449]]],[[[126.719336,3.874658],[126.721777,3.83252],[126.66123,3.928418],[126.6375,4.041943],[126.739648,3.917725],[126.719336,3.874658]]],[[[126.851855,3.768457],[126.835547,3.756934],[126.799609,3.783887],[126.778906,3.843164],[126.804492,3.85791],[126.857031,3.812402],[126.851855,3.768457]]],[[[125.407422,2.651611],[125.397266,2.629541],[125.360059,2.746826],[125.39082,2.805371],[125.446484,2.762988],[125.403906,2.707031],[125.407422,2.651611]]],[[[131.982031,-7.202051],[131.969531,-7.251367],[131.884473,-7.16748],[131.777539,-7.143945],[131.750781,-7.116797],[131.922266,-7.104492],[131.982031,-7.202051]]],[[[128.670117,-7.183301],[128.625,-7.208594],[128.529785,-7.13457],[128.577344,-7.083203],[128.627734,-7.06875],[128.673242,-7.113379],[128.670117,-7.183301]]],[[[127.419434,-7.623047],[127.355273,-7.646484],[127.370703,-7.512793],[127.475195,-7.531055],[127.463965,-7.596875],[127.419434,-7.623047]]],[[[123.416211,-10.302637],[123.325977,-10.3375],[123.325586,-10.26416],[123.395312,-10.171387],[123.458789,-10.139941],[123.496777,-10.193945],[123.405078,-10.227148],[123.416211,-10.302637]]],[[[121.883008,-10.590332],[121.833105,-10.602148],[121.704688,-10.555664],[121.796289,-10.507422],[121.866992,-10.438867],[121.99834,-10.446973],[121.981348,-10.528418],[121.883008,-10.590332]]],[[[134.819531,-6.43418],[134.795117,-6.442383],[134.795313,-6.393066],[134.851855,-6.324609],[134.88584,-6.323535],[134.819531,-6.43418]]],[[[134.674414,-6.749805],[134.657422,-6.765332],[134.629102,-6.712793],[134.697656,-6.625684],[134.735742,-6.62334],[134.674414,-6.749805]]],[[[127.987891,-2.936523],[127.937695,-3.02002],[127.834277,-3.004395],[127.987891,-2.936523]]],[[[127.60625,-3.315137],[127.629297,-3.35918],[127.531055,-3.331348],[127.487695,-3.288184],[127.554492,-3.254297],[127.60625,-3.315137]]],[[[122.977344,-8.545215],[122.945508,-8.604004],[122.887793,-8.587305],[122.932813,-8.49707],[123.010547,-8.44834],[123.089453,-8.439844],[123.153125,-8.475781],[123.030078,-8.494824],[122.977344,-8.545215]]]]}},{"type":"Feature","properties":{"id":9},"geometry":{"type":"MultiPolygon","coordinates":[[[[121.101562,18.615283],[121.254492,18.563428],[121.592969,18.376465],[121.845605,18.29541],[121.947559,18.285156],[122.038477,18.32793],[122.14668,18.486572],[122.221191,18.500635],[122.265527,18.458838],[122.299805,18.402783],[122.315039,18.320312],[122.293848,18.234277],[122.222852,18.157129],[122.179492,18.064258],[122.152344,17.664404],[122.236816,17.434863],[122.269043,17.395264],[122.362305,17.344873],[122.3875,17.306787],[122.40752,17.178125],[122.519141,17.124854],[122.425781,16.822656],[122.225879,16.435205],[122.21416,16.351514],[122.135156,16.184814],[121.974707,16.15791],[121.788672,16.077441],[121.595313,15.933252],[121.560938,15.826758],[121.60918,15.726025],[121.607031,15.669824],[121.489844,15.509521],[121.392285,15.324414],[121.398926,15.266602],[121.69541,14.737305],[121.626563,14.681738],[121.62793,14.581152],[121.648535,14.481494],[121.766602,14.168066],[121.800488,14.113867],[121.911719,14.02041],[122.07959,13.947119],[122.211719,13.930176],[122.228418,13.979492],[122.2875,13.996191],[122.274414,14.044727],[122.202539,14.11167],[122.199707,14.148047],[122.49082,14.322363],[122.627148,14.317529],[122.856055,14.250781],[122.93418,14.188086],[123.014551,14.079834],[123.070996,13.959961],[123.059961,13.78877],[123.101953,13.750244],[123.231445,13.747363],[123.296973,13.836426],[123.305371,13.936572],[123.259277,13.975439],[123.320312,14.06167],[123.432324,13.96626],[123.725977,13.884326],[123.815723,13.837109],[123.857617,13.799609],[123.80625,13.721729],[123.607129,13.704443],[123.549609,13.645752],[123.608105,13.528076],[123.703613,13.431592],[123.819238,13.269482],[123.816602,13.191602],[123.785156,13.110547],[123.872754,13.116992],[123.955176,13.099707],[124.069141,13.031934],[124.142773,13.035791],[124.137305,12.791162],[124.059766,12.56709],[123.961719,12.594971],[123.877832,12.689697],[123.894922,12.80498],[123.948535,12.916406],[123.917969,12.939941],[123.736035,12.896924],[123.626758,12.911768],[123.402344,13.033105],[123.310938,13.044092],[123.29043,13.099023],[123.295508,13.215576],[123.163281,13.441748],[122.863477,13.617236],[122.781348,13.737061],[122.595215,13.907617],[122.486328,13.92998],[122.467969,13.886719],[122.504199,13.763086],[122.508008,13.656836],[122.596191,13.562012],[122.667871,13.395361],[122.675098,13.253174],[122.599902,13.194141],[122.515234,13.26001],[122.497949,13.363525],[122.376563,13.520605],[122.205273,13.648242],[122.072754,13.788379],[121.77793,13.937646],[121.691699,13.93457],[121.501074,13.842187],[121.450781,13.790771],[121.446289,13.711865],[121.344141,13.649121],[121.203516,13.640283],[121.095508,13.679492],[121.006152,13.758105],[120.932324,13.761865],[120.840723,13.884717],[120.729102,13.900537],[120.637109,13.804492],[120.616797,14.188037],[120.688281,14.291211],[120.92207,14.493115],[120.951563,14.557959],[120.941309,14.645068],[120.888086,14.715771],[120.804492,14.758789],[120.70791,14.776611],[120.638281,14.816162],[120.583691,14.88125],[120.546777,14.766113],[120.588672,14.483105],[120.555664,14.441357],[120.43877,14.453369],[120.396094,14.493311],[120.365234,14.608301],[120.283887,14.684375],[120.250781,14.793311],[120.213867,14.808789],[120.137988,14.800391],[120.082129,14.851074],[120.044531,14.978125],[120.036621,15.114551],[119.932813,15.430908],[119.891602,15.837695],[119.859668,15.905762],[119.768945,16.008447],[119.772559,16.255127],[119.790234,16.30332],[119.830762,16.326562],[119.930371,16.23877],[120.033398,16.18457],[120.124023,16.066211],[120.159766,16.047656],[120.337012,16.066455],[120.36875,16.10957],[120.389258,16.221631],[120.325,16.400342],[120.304395,16.645459],[120.321191,16.761865],[120.408887,16.955615],[120.427148,17.376904],[120.424512,17.43833],[120.37207,17.535107],[120.358398,17.638184],[120.505078,18.162646],[120.584473,18.36875],[120.599707,18.507861],[120.81377,18.603418],[120.925,18.585107],[121.101562,18.615283]]],[[[117.311133,8.4396],[117.218555,8.367285],[117.255859,8.540967],[117.349902,8.713574],[117.884766,9.240674],[118.023828,9.269775],[118.114844,9.34668],[118.533398,9.793652],[118.727539,10.03501],[118.845117,10.131299],[119.023828,10.353564],[119.143066,10.409277],[119.223828,10.477295],[119.287012,10.574023],[119.312695,10.687109],[119.261133,10.845166],[119.305664,10.973633],[119.50127,11.346436],[119.55332,11.313525],[119.532617,11.101611],[119.561914,11.045508],[119.52666,10.953174],[119.684375,10.551709],[119.686914,10.500342],[119.595215,10.407422],[119.369336,10.327295],[119.284766,10.251709],[119.191504,10.061084],[118.948633,9.993457],[118.782129,9.916113],[118.75498,9.862109],[118.773828,9.766797],[118.569629,9.422754],[118.434961,9.256006],[118.349609,9.201465],[118.229297,9.167969],[118.134082,9.101367],[117.989551,8.8771],[117.779785,8.728613],[117.572168,8.641992],[117.516602,8.53833],[117.311133,8.4396]]],[[[122.496191,11.615088],[122.612695,11.56416],[122.72627,11.60791],[122.838086,11.595654],[122.93125,11.529297],[122.894531,11.441309],[123.102734,11.541455],[123.158301,11.535547],[123.144141,11.363574],[123.119531,11.286816],[123.016504,11.116504],[122.80293,10.990039],[122.769922,10.823828],[122.673145,10.800928],[122.52207,10.691895],[122.197656,10.6229],[122.108594,10.575537],[121.954004,10.444385],[121.933789,10.493652],[121.980078,10.638574],[121.950293,10.757373],[121.964355,10.87168],[122.020703,10.979102],[122.050879,11.097363],[122.059668,11.325684],[122.103516,11.64292],[122.101367,11.680859],[122.066992,11.72373],[121.94082,11.758301],[121.891211,11.790869],[121.916016,11.854346],[121.963672,11.897363],[122.029199,11.89541],[122.290723,11.772021],[122.496191,11.615088]]],[[[123.130859,9.064111],[122.994727,9.058838],[122.947852,9.107959],[122.866602,9.319824],[122.664551,9.410352],[122.5625,9.482812],[122.410937,9.693896],[122.399512,9.823047],[122.471484,9.961523],[122.712988,9.990137],[122.855566,10.086914],[122.866504,10.284033],[122.816992,10.503809],[122.905859,10.602539],[122.958398,10.69834],[122.983301,10.886621],[123.256641,10.993945],[123.510645,10.923047],[123.567578,10.780762],[123.492871,10.582324],[123.406934,10.458984],[123.343555,10.325391],[123.296094,10.124512],[123.162012,9.864258],[123.149805,9.606152],[123.308398,9.356982],[123.320508,9.272949],[123.228711,9.121387],[123.130859,9.064111]]],[[[124.574609,11.343066],[124.644336,11.308105],[124.724316,11.32207],[124.821094,11.401416],[124.92998,11.372852],[125.026563,11.211719],[125.044336,11.135254],[125.039746,10.951904],[125.013184,10.785693],[125.16416,10.637451],[125.187695,10.584863],[125.197168,10.457227],[125.268457,10.307715],[125.25332,10.263818],[125.148438,10.272412],[125.142578,10.189453],[125.105371,10.218311],[125.043945,10.323437],[124.9875,10.367578],[125.026563,10.033105],[124.929102,10.095898],[124.812793,10.134619],[124.780762,10.168066],[124.789551,10.327539],[124.737695,10.439746],[124.798633,10.682227],[124.786719,10.781396],[124.738672,10.879736],[124.662695,10.961963],[124.616113,10.962207],[124.502832,10.904443],[124.445508,10.923584],[124.366016,11.370703],[124.308203,11.486182],[124.330664,11.535205],[124.548242,11.39502],[124.574609,11.343066]]],[[[125.239551,12.527881],[125.310352,12.446289],[125.327539,12.387207],[125.320215,12.321826],[125.352246,12.292773],[125.48125,12.251953],[125.535645,12.191406],[125.50332,12.135791],[125.513379,12.05459],[125.456543,11.952539],[125.464258,11.771582],[125.496875,11.71377],[125.491797,11.594336],[125.608984,11.323047],[125.573535,11.238232],[125.627344,11.233887],[125.704004,11.164795],[125.749121,11.073584],[125.735645,11.049609],[125.674414,11.120801],[125.628125,11.132031],[125.431836,11.112598],[125.233398,11.145068],[125.155859,11.267041],[125.087891,11.287354],[125.034277,11.34126],[124.945312,11.47915],[124.916992,11.558398],[124.978906,11.638477],[124.99502,11.764941],[124.935645,11.754639],[124.884277,11.775488],[124.676758,12.020898],[124.529102,12.079199],[124.445703,12.152783],[124.384863,12.243994],[124.325781,12.403809],[124.294727,12.569336],[124.56582,12.526221],[124.840137,12.53457],[125.150195,12.572559],[125.239551,12.527881]]],[[[120.704395,13.479492],[120.755371,13.470996],[120.915332,13.501074],[120.980762,13.485986],[121.024707,13.428711],[121.122461,13.38125],[121.202734,13.432324],[121.284375,13.374121],[121.356836,13.265479],[121.522754,13.131201],[121.538672,13.088867],[121.489746,13.01958],[121.474805,12.931592],[121.479688,12.837109],[121.540625,12.638184],[121.412305,12.423047],[121.394336,12.300586],[121.322363,12.303613],[121.236719,12.218799],[121.116992,12.253418],[121.083398,12.338965],[120.9625,12.446533],[120.922168,12.511621],[120.899414,12.64585],[120.795996,12.747998],[120.76875,12.840918],[120.763672,12.969824],[120.651367,13.169141],[120.508301,13.260059],[120.455469,13.393506],[120.338477,13.412354],[120.352734,13.472949],[120.40127,13.517041],[120.468359,13.522412],[120.704395,13.479492]]],[[[126.005957,9.320947],[126.087598,9.260742],[126.193359,9.276709],[126.191992,9.124902],[126.30459,8.952051],[126.319531,8.844727],[126.262988,8.743945],[126.141602,8.627295],[126.139551,8.595654],[126.173047,8.560059],[126.282324,8.539307],[126.365332,8.483887],[126.379785,8.326758],[126.458691,8.202832],[126.425293,7.927441],[126.435352,7.832812],[126.570117,7.677246],[126.593359,7.546777],[126.581543,7.247754],[126.439063,7.012354],[126.294043,6.882324],[126.216895,6.891016],[126.19209,6.852539],[126.240234,6.733887],[126.189355,6.309668],[126.109766,6.489648],[126.080078,6.73335],[126.043066,6.843164],[125.984961,6.943555],[125.961621,7.033203],[125.901172,7.116992],[125.824414,7.333301],[125.773633,7.322168],[125.689258,7.263037],[125.640723,7.105078],[125.542188,7.016602],[125.400977,6.795752],[125.380664,6.689941],[125.43291,6.607129],[125.588477,6.465771],[125.670703,6.225],[125.667969,5.978662],[125.455859,5.664258],[125.346484,5.598975],[125.287891,5.632275],[125.241016,5.756934],[125.233203,5.808301],[125.264941,5.925586],[125.268457,6.033154],[125.231543,6.069531],[125.174023,6.046973],[125.035352,5.870654],[124.927344,5.875342],[124.636328,5.998193],[124.212793,6.233252],[124.078125,6.404443],[124.049707,6.532568],[124.048145,6.666553],[123.987891,6.862988],[123.985254,6.993701],[124.045117,7.114111],[124.190723,7.267334],[124.212891,7.332129],[124.206641,7.396436],[124.067969,7.577881],[123.968457,7.664648],[123.764746,7.742627],[123.66582,7.817773],[123.553223,7.832129],[123.493066,7.80791],[123.476367,7.665381],[123.390918,7.40752],[123.178223,7.529443],[123.09668,7.700439],[122.989551,7.546289],[122.842969,7.529297],[122.81875,7.558496],[122.791797,7.722461],[122.713965,7.774121],[122.616211,7.763135],[122.474414,7.638965],[122.14248,6.949658],[122.098145,6.913721],[122.027637,6.928613],[121.964258,6.968213],[121.904199,7.075195],[121.924609,7.199512],[122.047168,7.363574],[122.131836,7.810498],[122.243359,7.945117],[122.337109,8.028418],[122.386719,8.045898],[122.589453,8.093311],[122.672949,8.133105],[122.804395,8.133691],[122.911133,8.156445],[122.996289,8.220508],[122.998828,8.356055],[123.050586,8.433936],[123.147168,8.516016],[123.292871,8.541455],[123.341211,8.57041],[123.43457,8.70332],[123.680078,8.620605],[123.783398,8.547705],[123.849219,8.432715],[123.877441,8.188818],[123.853418,8.145117],[123.753125,8.058252],[123.799414,8.049121],[123.996875,8.158984],[124.159375,8.201465],[124.197656,8.229541],[124.283203,8.385986],[124.325195,8.508447],[124.404883,8.599854],[124.45127,8.606348],[124.621777,8.522656],[124.731152,8.562988],[124.786816,8.874121],[124.806152,8.924023],[124.868945,8.972266],[124.943848,8.956689],[125.046387,8.890527],[125.141016,8.86875],[125.209668,9.027148],[125.375586,8.991797],[125.49873,9.014746],[125.533398,9.140918],[125.413965,9.669189],[125.471289,9.756787],[125.520898,9.759131],[125.64248,9.654492],[125.87666,9.513135],[125.954688,9.42666],[126.005957,9.320947]]],[[[123.370313,9.449609],[123.331738,9.422949],[123.316016,9.488965],[123.403711,9.889258],[123.38623,9.96709],[123.514355,10.140332],[123.592871,10.30293],[123.711426,10.473682],[123.726465,10.562207],[123.831543,10.731006],[123.929883,10.963818],[123.924609,11.040918],[123.950098,11.07915],[123.967188,11.186914],[124.038867,11.273535],[124.05791,11.217236],[124.036523,11.106689],[124.05332,10.925781],[124.027539,10.767871],[124.05127,10.585596],[124.00498,10.400098],[123.952148,10.316602],[123.788672,10.220801],[123.700488,10.12832],[123.643359,10.020215],[123.633984,9.921729],[123.493555,9.589307],[123.370313,9.449609]]],[[[121.92168,18.894727],[121.858203,18.8229],[121.825195,18.842725],[121.888867,18.991553],[121.943359,19.010449],[121.987891,18.956641],[121.92168,18.894727]]],[[[121.520898,19.361963],[121.53125,19.271338],[121.47207,19.27334],[121.38291,19.328467],[121.374609,19.356299],[121.391602,19.399365],[121.520898,19.361963]]],[[[121.960059,20.365869],[121.914062,20.359424],[121.941211,20.453711],[121.991211,20.47959],[122.031152,20.469385],[121.960059,20.365869]]],[[[121.878125,20.781885],[121.82959,20.700293],[121.790625,20.701172],[121.847852,20.84126],[121.866992,20.839209],[121.878125,20.781885]]],[[[121.159375,6.075635],[121.213867,6.003516],[121.28252,6.022266],[121.391504,6.0021],[121.411035,5.939844],[121.294434,5.869971],[121.218164,5.942725],[121.083008,5.893018],[121.018555,5.922949],[120.930664,5.896191],[120.876367,5.952637],[120.898242,6.006934],[121.037695,6.095996],[121.159375,6.075635]]],[[[117.079883,7.883398],[117.02832,7.80752],[116.969531,7.894922],[116.975781,8.01665],[116.993555,8.050537],[117.077051,8.069141],[117.079883,7.883398]]],[[[119.916211,10.485986],[119.793164,10.455273],[119.764453,10.551611],[119.852051,10.640137],[120.008398,10.570117],[119.916211,10.485986]]],[[[120.1,12.167676],[120.154688,12.152393],[120.19375,12.167041],[120.228223,12.219824],[120.260547,12.141748],[120.341406,12.077441],[120.314551,12.012402],[120.173633,12.019629],[120.100098,11.99375],[120.010547,12.008252],[119.865918,12.199023],[119.885742,12.299854],[119.916406,12.319092],[120.1,12.167676]]],[[[120.03877,11.70332],[119.963867,11.669385],[119.944922,11.690723],[119.932813,11.774463],[119.860938,11.953955],[119.916016,11.981348],[120.035937,11.917236],[120.070703,11.860547],[120.073145,11.783496],[120.03877,11.70332]]],[[[122.649512,10.472705],[122.538379,10.424951],[122.516699,10.492529],[122.5375,10.607568],[122.648438,10.72251],[122.70127,10.740625],[122.729199,10.706396],[122.737207,10.65459],[122.68125,10.498242],[122.649512,10.472705]]],[[[124.593848,9.787207],[124.584277,9.750488],[124.477539,9.7479],[124.403418,9.654102],[124.359863,9.630225],[124.122461,9.599316],[123.935645,9.623975],[123.87168,9.675732],[123.817187,9.817383],[123.908887,9.919629],[124.059766,10.000195],[124.093848,10.061328],[124.172852,10.135205],[124.335742,10.159912],[124.577148,10.026709],[124.555078,9.879199],[124.593848,9.787207]]],[[[120.250391,5.256592],[120.191602,5.168311],[120.118359,5.215381],[120.100586,5.168994],[120.013281,5.151123],[119.958105,5.079541],[119.877539,5.060205],[119.821484,5.069531],[119.827344,5.133154],[119.982715,5.228418],[120.079688,5.263623],[120.165234,5.332422],[120.208008,5.340088],[120.250391,5.256592]]],[[[122.092871,6.42832],[121.95918,6.41582],[121.879883,6.517578],[121.872461,6.562744],[121.808691,6.613721],[121.832031,6.664062],[121.914941,6.676221],[122.058301,6.740723],[122.288086,6.638916],[122.323535,6.602246],[122.251758,6.579785],[122.200977,6.48291],[122.092871,6.42832]]],[[[126.059375,9.766211],[126.046777,9.760791],[125.991211,9.838525],[125.998633,9.927051],[126.073828,10.059229],[126.129492,9.943555],[126.120801,9.865186],[126.172559,9.799951],[126.136914,9.767773],[126.059375,9.766211]]],[[[125.690234,9.914453],[125.672559,9.886475],[125.648633,9.944092],[125.494824,10.118701],[125.521973,10.191504],[125.524609,10.309717],[125.666797,10.440137],[125.68457,10.392041],[125.64668,10.24541],[125.70332,10.071777],[125.690234,9.914453]]],[[[120.271289,13.750684],[120.272852,13.682959],[120.104199,13.782373],[120.103418,13.842529],[120.120703,13.858057],[120.211426,13.820654],[120.271289,13.750684]]],[[[121.914844,13.540332],[121.995703,13.546777],[122.114551,13.463184],[122.122363,13.365137],[122.004883,13.20498],[121.829199,13.328613],[121.815039,13.424463],[121.866211,13.566162],[121.914844,13.540332]]],[[[122.094043,12.354883],[122.013965,12.105615],[121.960156,12.191406],[121.981934,12.245312],[121.935645,12.290381],[121.923242,12.331299],[121.941016,12.3854],[121.989453,12.435303],[122.001563,12.598535],[122.103809,12.650635],[122.14502,12.652637],[122.094043,12.354883]]],[[[122.654492,12.309033],[122.60332,12.285596],[122.422949,12.455078],[122.471875,12.491943],[122.603613,12.491602],[122.673633,12.424268],[122.683301,12.382324],[122.654492,12.309033]]],[[[123.281836,12.853418],[123.367188,12.70083],[123.274219,12.805078],[123.166406,12.875879],[123.054199,12.993457],[122.949023,13.058691],[122.95752,13.107178],[123.043555,13.113379],[123.20625,12.90542],[123.281836,12.853418]]],[[[123.775391,12.453906],[123.779102,12.36626],[123.587207,12.633301],[123.621484,12.674902],[123.708691,12.610791],[123.775391,12.453906]]],[[[123.716602,12.287354],[123.908301,12.169092],[124.040332,11.966797],[124.045508,11.752441],[123.847754,11.913574],[123.725195,11.951562],[123.736035,12.002637],[123.667578,12.069336],[123.612012,12.090234],[123.531055,12.196631],[123.47373,12.21665],[123.418848,12.194238],[123.292676,12.036377],[123.157813,11.925635],[123.267188,12.395459],[123.236426,12.583496],[123.462988,12.501221],[123.558984,12.444824],[123.574805,12.406934],[123.716602,12.287354]]],[[[124.353613,13.632227],[124.327051,13.567383],[124.294531,13.590332],[124.248242,13.58667],[124.175391,13.531543],[124.057031,13.605566],[124.038867,13.663135],[124.12373,13.790479],[124.122852,13.979687],[124.18623,14.059521],[124.224902,14.077588],[124.308301,13.946973],[124.417188,13.871045],[124.396289,13.750098],[124.404004,13.679443],[124.353613,13.632227]]],[[[122.175391,14.048828],[122.172266,14.008008],[121.95625,14.156055],[121.945996,14.205127],[121.95918,14.22876],[122.175391,14.048828]]],[[[122.033496,15.005029],[122.051562,14.969873],[122.017285,14.965283],[121.970313,14.892969],[122.02168,14.759424],[121.989648,14.662158],[121.933008,14.656055],[121.910645,14.666504],[121.93457,14.736621],[121.923047,14.8],[121.820312,14.963574],[121.839844,15.038135],[121.97168,15.046387],[122.033496,15.005029]]],[[[124.316211,10.606006],[124.288477,10.601465],[124.334668,10.706689],[124.382324,10.679834],[124.381348,10.632568],[124.316211,10.606006]]],[[[125.280762,9.982178],[125.287695,9.932715],[125.158984,10.062939],[125.133008,10.155029],[125.175879,10.151074],[125.230957,10.115674],[125.280762,9.982178]]],[[[122.937109,7.409131],[122.943652,7.361035],[122.839551,7.3146],[122.804688,7.315967],[122.796582,7.393359],[122.822168,7.428467],[122.871191,7.397314],[122.914844,7.433398],[122.937109,7.409131]]],[[[125.78457,6.962744],[125.768945,6.905762],[125.683008,7.073193],[125.714453,7.185547],[125.783398,7.130664],[125.78457,6.962744]]],[[[124.608398,11.492188],[124.483496,11.48584],[124.428809,11.531738],[124.360352,11.665918],[124.437402,11.69502],[124.510938,11.687109],[124.564941,11.639697],[124.622266,11.549561],[124.608398,11.492188]]],[[[124.806641,9.142627],[124.77793,9.083105],[124.66582,9.132324],[124.639063,9.175098],[124.65332,9.22583],[124.736816,9.243164],[124.790234,9.190088],[124.806641,9.142627]]],[[[121.252246,19.082422],[121.24668,19.015186],[121.196094,19.050684],[121.184863,19.101416],[121.213184,19.183594],[121.244727,19.143018],[121.252246,19.082422]]],[[[119.861426,11.525342],[119.88291,11.472412],[119.854883,11.393066],[119.830664,11.375684],[119.798633,11.40874],[119.72998,11.431934],[119.725586,11.474658],[119.761426,11.473633],[119.861426,11.525342]]],[[[123.757031,11.283301],[123.815625,11.150732],[123.736719,11.151465],[123.707617,11.247998],[123.757031,11.283301]]],[[[122.31084,12.528809],[122.279785,12.498291],[122.260938,12.503076],[122.247852,12.556934],[122.278027,12.59292],[122.31084,12.528809]]],[[[125.970508,9.593555],[125.952441,9.567969],[125.92207,9.621484],[125.967773,9.759082],[125.992969,9.68457],[125.970508,9.593555]]],[[[124.854395,11.594775],[124.835938,11.543311],[124.781055,11.580762],[124.730859,11.715332],[124.788379,11.683105],[124.854395,11.594775]]],[[[117.355273,8.214648],[117.287012,8.191016],[117.280859,8.31499],[117.353711,8.289258],[117.355273,8.214648]]],[[[123.697656,9.237305],[123.70625,9.133545],[123.614453,9.10332],[123.540723,9.129736],[123.493457,9.19209],[123.493555,9.215527],[123.535156,9.213574],[123.654883,9.27876],[123.697656,9.237305]]]]}},{"type":"Feature","properties":{"id":10},"geometry":{"type":"MultiPolygon","coordinates":[[[[115.140039,4.899756],[115.22793,4.750586],[115.266699,4.633984],[115.279297,4.456348],[115.326758,4.380762],[115.290625,4.352588],[115.24668,4.347217],[115.107031,4.39043],[115.051562,4.582666],[115.026758,4.691357],[115.026758,4.899707],[115.140039,4.899756]]],[[[115.026758,4.899707],[114.74668,4.718066],[114.790137,4.463916],[114.840234,4.393213],[114.783496,4.280762],[114.810449,4.266504],[114.776172,4.168799],[114.654102,4.037646],[114.608301,4.023975],[114.571777,4.049072],[114.416602,4.255859],[114.322949,4.262793],[114.289648,4.304199],[114.287598,4.354736],[114.224121,4.477881],[114.063867,4.592676],[114.299414,4.607178],[114.424414,4.6604],[114.544727,4.724561],[114.840625,4.946387],[114.99541,5.022363],[115.047656,5.016357],[115.026758,4.899707]]]]}},{"type":"Feature","properties":{"id":11},"geometry":{"type":"MultiPolygon","coordinates":[[[[125.646094,-8.139941],[125.579492,-8.311816],[125.507129,-8.275098],[125.584082,-8.178613],[125.646094,-8.139941]]],[[[125.068164,-9.511914],[125.033594,-9.381836],[124.968262,-9.294238],[124.960156,-9.21377],[124.977539,-9.194922],[125.100488,-9.189844],[125.149414,-9.122949],[125.149023,-9.042578],[125.100391,-9.004004],[124.973242,-9.064258],[124.936816,-9.053418],[124.915039,-9.031543],[124.922266,-8.94248],[125.026953,-8.859082],[125.115723,-8.708008],[125.178027,-8.647852],[125.381836,-8.575391],[125.804297,-8.492188],[126.619727,-8.459473],[126.966406,-8.315723],[127.214844,-8.372949],[127.296094,-8.424512],[127.114551,-8.583594],[126.915234,-8.715234],[126.66543,-8.782031],[126.568555,-8.83291],[126.486914,-8.912695],[126.38252,-8.957617],[126.164258,-8.99668],[125.946094,-9.123926],[125.840332,-9.130176],[125.408008,-9.275781],[125.068164,-9.511914]]],[[[124.036328,-9.341602],[124.198145,-9.256152],[124.444434,-9.190332],[124.412988,-9.314355],[124.319336,-9.41377],[124.282324,-9.42793],[124.090137,-9.416406],[124.036328,-9.341602]]]]}}]}